site_id,weather_year,process_case,optimized_reference_modules,exact_volume_module_lower_bound,interval_volume_module_lower_bound,withdrawal_cut_module_lower_bound,cyclic_recharge_module_lower_bound,combined_necessary_module_lower_bound,certified_deliverability_above_volume_bound,withdrawal_cut_continuous_ratio,withdrawal_cut_interval_hours,recharge_cut_continuous_ratio,recharge_cut_interval_hours,volume_cut_continuous_ratio,volume_cut_interval_hours,one_module_service_cut_violation_ratio
france_grand_quevilly,2015,flex_ml0p4_b24,1,1,1,1,1,1,0,0.46078872889305933,1,0.008234296375070931,336,0.12969016790736715,336,0.0
france_grand_quevilly,2015,flex_ml0p6_b24,1,1,1,1,1,1,0,0.6911830933395888,1,0.008484440478532078,168,0.13629492204616275,168,0.0
france_grand_quevilly,2015,rigid,1,1,1,1,1,1,0,0.7679812148217654,1,0.012610257713086688,336,0.19861155898111532,336,0.0
france_grand_quevilly,2016,flex_ml0p4_b24,1,1,1,1,1,1,0,0.46078872889305933,1,0.015165006989659582,336,0.2395293411700078,336,0.0
france_grand_quevilly,2016,flex_ml0p6_b24,1,1,1,1,1,1,0,0.6911830933395888,1,0.015165006989659582,336,0.2395293411700078,336,0.0
france_grand_quevilly,2016,rigid,2,1,1,1,1,1,0,0.7679812148217654,1,0.019528536619328702,336,0.30845073224375597,336,0.0
france_grand_quevilly,2017,flex_ml0p4_b24,1,1,1,1,1,1,0,0.46078872889305933,1,0.01174672947406188,168,0.1887006670640966,168,0.0
france_grand_quevilly,2017,flex_ml0p6_b24,1,1,1,1,1,1,0,0.6911830933395888,1,0.013033848828511763,168,0.20937708438622102,168,0.0
france_grand_quevilly,2017,rigid,2,1,1,1,1,1,0,0.7679812148217654,1,0.016037127322228166,168,0.2576220581378448,168,0.0
france_grand_quevilly,2018,flex_ml0p4_b24,1,1,1,1,1,1,0,0.46078872889305933,1,0.015218156344965941,168,0.2444660243620811,168,0.0
france_grand_quevilly,2018,flex_ml0p6_b24,1,1,1,1,1,1,0,0.6911830933395888,1,0.016505275699415827,168,0.26514244168420553,168,0.0
france_grand_quevilly,2018,rigid,2,1,1,1,1,1,0,0.7679812148217654,1,0.01950855419313223,168,0.31338741543582926,168,0.0
france_grand_quevilly,2019,flex_ml0p4_b24,1,1,1,1,1,1,0,0.46078872889305933,1,0.009489459305871384,168,0.15243964756739545,168,0.0
france_grand_quevilly,2019,flex_ml0p6_b24,1,1,1,1,1,1,0,0.6911830933395888,1,0.010776578660321267,168,0.17311606488951986,168,0.0
france_grand_quevilly,2019,rigid,1,1,1,1,1,1,0,0.7679812148217654,1,0.013779857154037668,168,0.22136103864114356,168,0.0
france_grand_quevilly,2020,flex_ml0p4_b24,1,1,1,1,1,1,0,0.46078872889305933,1,0.005898251220002809,168,0.09501477766581448,168,0.0
france_grand_quevilly,2020,flex_ml0p6_b24,1,1,1,1,1,1,0,0.6911830933395888,1,0.007181785283771773,168,0.11569119498793888,168,0.0
france_grand_quevilly,2020,rigid,1,1,1,1,1,1,0,0.7679812148217654,1,0.010176698099232696,168,0.1639361687395626,168,0.0
france_grand_quevilly,2021,flex_ml0p4_b24,1,1,1,1,1,1,0,0.46078872889305933,1,0.0242389474725429,720,0.3643611014302122,720,0.0
france_grand_quevilly,2021,flex_ml0p6_b24,1,1,1,1,1,1,0,0.6911830933395888,1,0.0242389474725429,720,0.3643611014302122,720,0.0
france_grand_quevilly,2021,rigid,2,1,1,1,1,1,0,0.7679812148217654,1,0.02882390994909075,720,0.4332824925039604,720,0.0
france_grand_quevilly,2022,flex_ml0p4_b24,1,1,1,1,1,1,0,0.46078872889305933,1,0.02767795081899375,336,0.4359277253991516,336,0.0
france_grand_quevilly,2022,flex_ml0p6_b24,1,1,1,1,1,1,0,0.6911830933395888,1,0.02767795081899375,336,0.4359277253991516,336,0.0
france_grand_quevilly,2022,rigid,2,1,1,1,1,1,0,0.7679812148217654,1,0.032053912157009506,336,0.5048491164728998,336,0.0
france_grand_quevilly,2023,flex_ml0p4_b24,1,1,1,1,1,1,0,0.46078872889305933,1,0.0029533315006178467,336,0.04651497113473108,336,0.0
france_grand_quevilly,2023,flex_ml0p6_b24,1,1,1,1,1,1,0,0.6911830933395888,1,0.005116865002945496,72,0.08311625588117878,72,0.0
france_grand_quevilly,2023,rigid,1,1,1,1,1,1,0,0.7679812148217654,1,0.007329292838633603,336,0.11543636220847925,336,0.0
france_grandpuits_bailly_carrois,2015,flex_ml0p4_b24,1,1,1,1,1,1,0,0.5057134952762609,1,0.02046019583676881,336,0.3222480844291088,336,0.0
france_grandpuits_bailly_carrois,2015,flex_ml0p6_b24,1,1,1,1,1,1,0,0.7585702429143912,1,0.02046019583676881,336,0.3222480844291088,336,0.0
france_grandpuits_bailly_carrois,2015,rigid,1,1,1,1,1,1,0,0.8428558254604347,1,0.025262793132839665,336,0.3978889918422247,336,0.0
france_grandpuits_bailly_carrois,2016,flex_ml0p4_b24,1,1,1,1,1,1,0,0.5057134952762609,1,0.020423850329702363,720,0.30792882035551256,720,0.0
france_grandpuits_bailly_carrois,2016,flex_ml0p6_b24,2,1,1,1,1,1,0,0.7585702429143912,1,0.020423850329702363,720,0.30792882035551256,720,0.0
france_grandpuits_bailly_carrois,2016,rigid,2,1,1,1,1,1,0,0.8428558254604347,1,0.025440849290776377,720,0.3835697277686285,720,0.0
france_grandpuits_bailly_carrois,2017,flex_ml0p4_b24,1,1,1,1,1,1,0,0.5057134952762609,1,0.016333327790429182,168,0.2623802528385611,168,0.0
france_grandpuits_bailly_carrois,2017,flex_ml0p6_b24,2,1,1,1,1,1,0,0.7585702429143912,1,0.017745935319133817,168,0.28507252506249586,168,0.0
france_grandpuits_bailly_carrois,2017,rigid,2,1,1,1,1,1,0,0.8428558254604347,1,0.021042019552777978,168,0.338021160251677,168,0.0
france_grandpuits_bailly_carrois,2018,flex_ml0p4_b24,1,1,1,1,1,1,0,0.5057134952762609,1,0.01371799701521586,168,0.2203673110264804,168,0.0
france_grandpuits_bailly_carrois,2018,flex_ml0p6_b24,1,1,1,1,1,1,0,0.7585702429143912,1,0.0151306045439205,168,0.24305958325041518,168,0.0
france_grandpuits_bailly_carrois,2018,rigid,2,1,1,1,1,1,0,0.8428558254604347,1,0.018426688777564655,168,0.29600821843959635,168,0.0
france_grandpuits_bailly_carrois,2019,flex_ml0p4_b24,1,1,1,1,1,1,0,0.5057134952762609,1,0.007580317480513141,168,0.12177099747542265,168,0.0
france_grandpuits_bailly_carrois,2019,flex_ml0p6_b24,1,1,1,1,1,1,0,0.7585702429143912,1,0.008992925009217778,168,0.1444632696993574,168,0.0
france_grandpuits_bailly_carrois,2019,rigid,1,1,1,1,1,1,0,0.8428558254604347,1,0.012289009242861935,168,0.19741190488853855,168,0.0
france_grandpuits_bailly_carrois,2020,flex_ml0p4_b24,1,1,1,1,1,1,0,0.5057134952762609,1,0.00620497351463436,168,0.09995575924535992,168,0.0
france_grandpuits_bailly_carrois,2020,flex_ml0p6_b24,1,1,1,1,1,1,0,0.7585702429143912,1,0.007613646203426172,168,0.12264803146929468,168,0.0
france_grandpuits_bailly_carrois,2020,rigid,1,1,1,1,1,1,0,0.8428558254604347,1,0.0109005491439404,168,0.17559666665847581,168,0.0
france_grandpuits_bailly_carrois,2021,flex_ml0p4_b24,1,1,1,1,1,1,0,0.5057134952762609,1,0.02875807446459284,336,0.45293967281733727,336,0.0
france_grandpuits_bailly_carrois,2021,flex_ml0p6_b24,1,1,1,1,1,1,0,0.7585702429143912,1,0.02875807446459284,336,0.45293967281733727,336,0.0
france_grandpuits_bailly_carrois,2021,rigid,2,1,1,1,1,1,0,0.8428558254604347,1,0.03356067176066369,336,0.5285805802304531,336,0.0
france_grandpuits_bailly_carrois,2022,flex_ml0p4_b24,1,1,1,1,1,1,0,0.5057134952762609,1,0.029640552880378108,336,0.46683870786595516,336,0.0
france_grandpuits_bailly_carrois,2022,flex_ml0p6_b24,1,1,1,1,1,1,0,0.7585702429143912,1,0.029640552880378108,336,0.46683870786595516,336,0.0
france_grandpuits_bailly_carrois,2022,rigid,2,1,1,1,1,1,0,0.8428558254604347,1,0.03444315017644896,336,0.5424796152790711,336,0.0
france_grandpuits_bailly_carrois,2023,flex_ml0p4_b24,1,1,1,1,1,1,0,0.5057134952762609,1,0.003752383433314888,72,0.06095217705140979,72,0.0
france_grandpuits_bailly_carrois,2023,flex_ml0p6_b24,1,1,1,1,1,1,0,0.7585702429143912,1,0.007012046846697784,72,0.11390081224059094,72,0.0
france_grandpuits_bailly_carrois,2023,rigid,1,1,1,1,1,1,0,0.8428558254604347,1,0.008409045452433313,72,0.13659308446452575,72,0.0
france_le_havre,2015,flex_ml0p4_b24,1,1,1,1,1,1,0,0.46078872889305933,1,0.002156233704415448,168,0.03463795937990457,168,0.0
france_le_havre,2015,flex_ml0p6_b24,1,1,1,1,1,1,0,0.6911830933395888,1,0.003929848134511064,48,0.0640111801909783,48,0.0
france_le_havre,2015,rigid,1,1,1,1,1,1,0,0.7679812148217654,1,0.0064466315525817325,168,0.10355935045365271,168,0.0
france_le_havre,2016,flex_ml0p4_b24,1,1,1,1,1,1,0,0.46078872889305933,1,0.010343321972002162,336,0.1633714444808547,336,0.0
france_le_havre,2016,flex_ml0p6_b24,1,1,1,1,1,1,0,0.6911830933395888,1,0.010343321972002162,336,0.1633714444808547,336,0.0
france_le_havre,2016,rigid,2,1,1,1,1,1,0,0.7679812148217654,1,0.01470685160167128,336,0.23229283555460284,336,0.0
france_le_havre,2017,flex_ml0p4_b24,1,1,1,1,1,1,0,0.46078872889305933,1,0.009297584841010127,168,0.1493573564844319,168,0.0
france_le_havre,2017,flex_ml0p6_b24,1,1,1,1,1,1,0,0.6911830933395888,1,0.01058470419546001,168,0.17003377380655632,168,0.0
france_le_havre,2017,rigid,2,1,1,1,1,1,0,0.7679812148217654,1,0.013587982689176412,168,0.21827874755818005,168,0.0
france_le_havre,2018,flex_ml0p4_b24,1,1,1,1,1,1,0,0.46078872889305933,1,0.011456350367616745,168,0.18403598731568951,168,0.0
france_le_havre,2018,flex_ml0p6_b24,1,1,1,1,1,1,0,0.6911830933395888,1,0.012743469722066629,168,0.20471240463781396,168,0.0
france_le_havre,2018,rigid,1,1,1,1,1,1,0,0.7679812148217654,1,0.015746748215783028,168,0.25295737838943766,168,0.0
france_le_havre,2019,flex_ml0p4_b24,1,1,1,1,1,1,0,0.46078872889305933,1,0.010961266103391756,168,0.17608290291730605,168,0.0
france_le_havre,2019,flex_ml0p6_b24,1,1,1,1,1,1,0,0.6911830933395888,1,0.01224838545784164,168,0.19675932023943046,168,0.0
france_le_havre,2019,rigid,1,1,1,1,1,1,0,0.7679812148217654,1,0.015251663951558043,168,0.24500429399105422,168,0.0
france_le_havre,2020,flex_ml0p4_b24,1,1,1,1,1,1,0,0.46078872889305933,1,0.003544707140624898,72,0.05773782592517863,72,0.0
france_le_havre,2020,flex_ml0p6_b24,1,1,1,1,1,1,0,0.6911830933395888,1,0.006506618161976059,72,0.10598279967680235,72,0.0
france_le_havre,2020,rigid,1,1,1,1,1,1,0,0.7679812148217654,1,0.007776008599697987,72,0.12665921699892682,72,0.0
france_le_havre,2021,flex_ml0p4_b24,1,1,1,1,1,1,0,0.46078872889305933,1,0.019264021117251402,336,0.3034083325967096,336,0.0
france_le_havre,2021,flex_ml0p6_b24,1,1,1,1,1,1,0,0.6911830933395888,1,0.019264021117251402,336,0.3034083325967096,336,0.0
france_le_havre,2021,rigid,2,1,1,1,1,1,0,0.7679812148217654,1,0.023639982455267154,336,0.3723297236704577,336,0.0
france_le_havre,2022,flex_ml0p4_b24,1,1,1,1,1,1,0,0.46078872889305933,1,0.021597279360432858,336,0.3401571499268175,336,0.0
france_le_havre,2022,flex_ml0p6_b24,1,1,1,1,1,1,0,0.6911830933395888,1,0.021597279360432858,336,0.3401571499268175,336,0.0
france_le_havre,2022,rigid,1,1,1,1,1,1,0,0.7679812148217654,1,0.025973240698448613,336,0.4090785410005657,336,0.0
france_le_havre,2023,flex_ml0p4_b24,1,1,1,1,1,1,0,0.46078872889305933,1,0.002410770995565676,72,0.03915957501771425,72,0.0
france_le_havre,2023,flex_ml0p6_b24,1,1,1,1,1,1,0,0.6911830933395888,1,0.005380864091561454,72,0.08740454876933798,72,0.0
france_le_havre,2023,rigid,1,1,1,1,1,1,0,0.7679812148217654,1,0.006653761132702503,72,0.10808096609146246,72,0.0
france_ottmarsheim,2015,flex_ml0p4_b24,1,1,1,1,1,1,0,0.299503033272681,1,0.029308908219134525,720,0.44057301137096455,720,0.0
france_ottmarsheim,2015,flex_ml0p6_b24,2,1,1,1,1,1,0,0.44925454990902147,1,0.029308908219134525,720,0.44057301137096455,720,0.0
france_ottmarsheim,2015,rigid,2,1,1,1,1,1,0,0.499171722121135,1,0.0322890379034398,720,0.4853704736126048,720,0.0
france_ottmarsheim,2016,flex_ml0p4_b24,2,1,1,1,1,1,0,0.299503033272681,1,0.08858643367018504,4380,0.8065441820769882,2160,0.0
france_ottmarsheim,2016,flex_ml0p6_b24,2,1,1,1,1,1,0,0.44925454990902147,1,0.08858643367018504,4380,0.8065441820769882,2160,0.0
france_ottmarsheim,2016,rigid,2,1,1,1,1,1,0,0.499171722121135,1,0.09402699739902583,4380,0.8513416443186291,2160,0.0
france_ottmarsheim,2017,flex_ml0p4_b24,1,1,1,1,1,1,0,0.3178549042060535,168,0.012439918699297985,720,0.19967808084739258,168,0.0
france_ottmarsheim,2017,flex_ml0p6_b24,1,1,1,1,1,1,0,0.44925454990902147,1,0.013266680704350362,168,0.21311731951988466,168,0.0
france_ottmarsheim,2017,rigid,2,1,1,1,1,1,0,0.499171722121135,1,0.015420048383603268,720,0.2444755430890329,168,0.0
france_ottmarsheim,2018,flex_ml0p4_b24,1,1,1,1,1,1,0,0.299503033272681,1,0.03357019597334898,1440,0.4594382589942313,1440,0.0
france_ottmarsheim,2018,flex_ml0p6_b24,2,1,1,1,1,1,0,0.44925454990902147,1,0.03357019597334898,1440,0.4594382589942313,1440,0.0
france_ottmarsheim,2018,rigid,2,1,1,1,1,1,0,0.499171722121135,1,0.036843453167585936,1440,0.5042357212358717,1440,0.0
france_ottmarsheim,2019,flex_ml0p4_b24,1,1,1,1,1,1,0,0.299503033272681,1,0.01675024464564234,336,0.26381635316886687,336,0.0
france_ottmarsheim,2019,flex_ml0p6_b24,1,1,1,1,1,1,0,0.44925454990902147,1,0.01675024464564234,336,0.26381635316886687,336,0.0
france_ottmarsheim,2019,rigid,2,1,1,1,1,1,0,0.499171722121135,1,0.01959452796257188,336,0.3086138154105071,336,0.0
france_ottmarsheim,2020,flex_ml0p4_b24,1,1,1,1,1,1,0,0.299503033272681,1,0.03347153430158724,1440,0.5019190473363904,720,0.0
france_ottmarsheim,2020,flex_ml0p6_b24,1,1,1,1,1,1,0,0.44925454990902147,1,0.03347153430158724,1440,0.5019190473363904,720,0.0
france_ottmarsheim,2020,rigid,2,1,1,1,1,1,0,0.499171722121135,1,0.03673409457688877,1440,0.5467165095780306,720,0.0
france_ottmarsheim,2021,flex_ml0p4_b24,1,1,1,1,1,1,0,0.299503033272681,1,0.023436658182617927,2160,0.2969358319364569,720,0.0
france_ottmarsheim,2021,flex_ml0p6_b24,1,1,1,1,1,1,0,0.44925454990902147,1,0.023436658182617927,2160,0.2969358319364569,720,0.0
france_ottmarsheim,2021,rigid,2,1,1,1,1,1,0,0.499171722121135,1,0.027066997979862593,2160,0.3417332941780972,720,0.0
france_ottmarsheim,2022,flex_ml0p4_b24,1,1,1,1,1,1,0,0.3003738115540438,336,0.031344982701523846,720,0.47117938740431686,720,0.0
france_ottmarsheim,2022,flex_ml0p6_b24,1,1,1,1,1,1,0,0.44925454990902147,1,0.031344982701523846,720,0.47117938740431686,720,0.0
france_ottmarsheim,2022,rigid,2,1,1,1,1,1,0,0.499171722121135,1,0.03432511238582913,720,0.5159768496459572,720,0.0
france_ottmarsheim,2023,flex_ml0p4_b24,1,1,1,1,1,1,0,0.299503033272681,1,0.004973548631604419,168,0.07989559532564536,168,0.0
france_ottmarsheim,2023,flex_ml0p6_b24,1,1,1,1,1,1,0,0.44925454990902147,1,0.005810149283204086,168,0.09333483399813743,168,0.0
france_ottmarsheim,2023,rigid,1,1,1,1,1,1,0,0.499171722121135,1,0.007762217470269976,168,0.12469305756728565,168,0.0
italy_ferrara,2015,flex_ml0p4_b24,3,3,2,1,1,3,0,0.8803023122157768,1,0.14375748795782856,1440,1.9674502358331023,1440,0.9674502358331023
italy_ferrara,2015,flex_ml0p6_b24,3,3,2,2,1,3,0,1.320453468323665,1,0.14375748795782856,1440,1.9674502358331023,1440,0.9674502358331023
italy_ferrara,2015,rigid,4,3,3,2,1,3,0,1.4671705203596277,1,0.15337827825526876,1440,2.099119385096146,1440,1.099119385096146
italy_ferrara,2016,flex_ml0p4_b24,3,2,1,1,1,2,0,0.8803023122157768,1,0.05302443120214381,2160,0.7200139452008312,720,0.0
italy_ferrara,2016,flex_ml0p6_b24,3,2,1,2,1,2,0,1.320453468323665,1,0.05302443120214381,2160,0.7200139452008312,720,0.0
italy_ferrara,2016,rigid,3,2,1,2,1,2,0,1.4671705203596277,1,0.06365610163953256,2160,0.8516830944638746,720,0.4671705203596277
italy_ferrara,2017,flex_ml0p4_b24,2,1,1,1,1,1,0,0.8803023122157768,1,0.026370595882039043,336,0.4153368851421149,336,0.0
italy_ferrara,2017,flex_ml0p6_b24,3,1,1,2,1,2,1,1.320453468323665,1,0.028242417126781136,168,0.453689085382779,168,0.0
italy_ferrara,2017,rigid,3,1,1,2,1,2,1,1.4671705203596277,1,0.03473054186699418,336,0.5470060344051584,336,0.4671705203596277
italy_ferrara,2018,flex_ml0p4_b24,2,1,1,1,1,1,0,0.8803023122157768,1,0.03802099069204187,336,0.5988306033996594,336,0.0
italy_ferrara,2018,flex_ml0p6_b24,3,1,1,2,1,2,1,1.320453468323665,1,0.03802099069204187,336,0.5988306033996594,336,0.0
italy_ferrara,2018,rigid,3,1,1,2,1,2,1,1.4671705203596277,1,0.04638093667699701,336,0.730499752662703,336,0.4671705203596277
italy_ferrara,2019,flex_ml0p4_b24,2,1,1,1,1,1,0,0.8803023122157768,1,0.014082124148539023,336,0.22179345533948963,336,0.0
italy_ferrara,2019,flex_ml0p6_b24,2,1,1,2,1,2,1,1.320453468323665,1,0.014082124148539023,336,0.22179345533948963,336,0.0
italy_ferrara,2019,rigid,3,1,1,2,1,2,1,1.4671705203596277,1,0.02244207013349416,336,0.35346260460253304,336,0.4671705203596277
italy_ferrara,2020,flex_ml0p4_b24,3,2,2,1,1,2,0,0.9104301657827772,168,0.0742611007634849,1440,1.019662037406312,1440,0.019662037406311894
italy_ferrara,2020,flex_ml0p6_b24,3,2,2,2,1,2,0,1.320453468323665,1,0.0742611007634849,1440,1.019662037406312,1440,0.019662037406311894
italy_ferrara,2020,rigid,4,2,2,2,1,2,0,1.4671705203596277,1,0.08385045056975697,1440,1.1513311866693552,1440,0.4671705203596277
italy_ferrara,2021,flex_ml0p4_b24,2,1,1,1,1,1,0,0.8803023122157768,1,0.03798763726968701,336,0.5983052869975704,336,0.0
italy_ferrara,2021,flex_ml0p6_b24,3,1,1,2,1,2,1,1.320453468323665,1,0.03798763726968701,336,0.5983052869975704,336,0.0
italy_ferrara,2021,rigid,3,1,1,2,1,2,1,1.4671705203596277,1,0.04634758325464215,336,0.7299744362606139,336,0.4671705203596277
italy_ferrara,2022,flex_ml0p4_b24,3,2,2,1,1,2,0,0.9023074982410815,168,0.1469123404749112,2160,1.8831585875242547,1440,0.8831585875242547
italy_ferrara,2022,flex_ml0p6_b24,3,2,2,2,1,2,0,1.320453468323665,1,0.1469123404749112,2160,1.8831585875242547,1440,0.8831585875242547
italy_ferrara,2022,rigid,4,3,3,2,1,3,0,1.4671705203596277,1,0.15758267153207228,2160,2.014827736787298,1440,1.0148277367872982
italy_ferrara,2023,flex_ml0p4_b24,2,1,1,1,1,1,0,0.8803023122157768,1,0.055876964143786706,336,0.8800621852646406,336,0.0
italy_ferrara,2023,flex_ml0p6_b24,2,1,1,2,1,2,1,1.320453468323665,1,0.055876964143786706,336,0.8800621852646406,336,0.0
italy_ferrara,2023,rigid,3,2,2,2,1,2,0,1.4671705203596277,1,0.06423691012874184,336,1.0117313345276842,336,0.4671705203596277
netherlands_geleen,2015,flex_ml0p4_b24,4,3,3,2,1,3,0,1.9976922557273282,1,0.14345212017729073,720,2.156379627024018,720,1.1563796270240179
netherlands_geleen,2015,flex_ml0p6_b24,4,3,3,3,1,3,0,2.9965383835909916,1,0.14345212017729073,720,2.156379627024018,720,1.1563796270240179
netherlands_geleen,2015,rigid,5,3,3,4,1,4,1,3.32948709287888,1,0.1633296550601497,720,2.4551797507439175,720,2.32948709287888
netherlands_geleen,2016,flex_ml0p4_b24,4,3,2,2,1,3,0,1.9976922557273282,1,0.10961645353618431,720,1.6526788379301636,720,0.6526788379301636
netherlands_geleen,2016,flex_ml0p6_b24,5,3,2,3,1,3,0,2.9965383835909916,1,0.10961645353618431,720,1.6526788379301636,720,0.6526788379301636
netherlands_geleen,2016,rigid,6,3,2,4,1,4,1,3.32948709287888,1,0.12943482908903475,720,1.9514789616500627,720,2.32948709287888
netherlands_geleen,2017,flex_ml0p4_b24,3,1,1,2,1,2,1,1.9976922557273282,1,0.04727268745965835,168,0.7593932998327168,168,0.5730663653446963
netherlands_geleen,2017,flex_ml0p6_b24,4,1,1,3,1,3,1,2.9965383835909916,1,0.05285283342537713,168,0.8490333369486865,168,0.5730663653446963
netherlands_geleen,2017,rigid,5,2,2,4,1,4,1,3.32948709287888,1,0.06587317401205432,168,1.0581934235526163,168,2.32948709287888
netherlands_geleen,2018,flex_ml0p4_b24,3,1,1,2,1,2,1,1.9976922557273282,1,0.04178496278252476,168,0.6712379277756862,168,0.5009842890575089
netherlands_geleen,2018,flex_ml0p6_b24,4,1,1,3,1,3,1,2.9965383835909916,1,0.047365108748243546,168,0.7608779648916559,168,0.5009842890575089
netherlands_geleen,2018,rigid,5,2,1,4,1,4,1,3.32948709287888,1,0.06038544933492073,168,0.9700380514955856,168,2.32948709287888
netherlands_geleen,2019,flex_ml0p4_b24,2,1,1,2,1,2,1,1.9976922557273282,1,0.0302998893489186,336,0.4772232572454679,336,0.0
netherlands_geleen,2019,flex_ml0p6_b24,4,1,1,3,1,3,1,2.9965383835909916,1,0.0302998893489186,336,0.4772232572454679,336,0.0
netherlands_geleen,2019,rigid,5,1,1,4,1,4,1,3.32948709287888,1,0.04927132577557888,336,0.7760233809653673,336,2.32948709287888
netherlands_geleen,2020,flex_ml0p4_b24,2,1,1,2,1,2,1,1.9976922557273282,1,0.04255128446266742,168,0.6854575503505336,168,0.10110918202339758
netherlands_geleen,2020,flex_ml0p6_b24,4,1,1,3,1,3,1,2.9965383835909916,1,0.048115886846309,168,0.7750975874665033,168,0.10110918202339758
netherlands_geleen,2020,rigid,4,2,1,4,1,4,1,3.32948709287888,1,0.061099959074806025,168,0.984257674070433,168,2.32948709287888
netherlands_geleen,2021,flex_ml0p4_b24,4,2,2,2,1,2,0,1.9976922557273282,1,0.10104212592390296,720,1.5188704185355928,720,0.7849344165075443
netherlands_geleen,2021,flex_ml0p6_b24,5,2,2,3,1,3,1,2.9965383835909916,1,0.10104212592390296,720,1.5188704185355928,720,0.7849344165075443
netherlands_geleen,2021,rigid,6,2,2,4,1,4,1,3.32948709287888,1,0.12091966080676192,720,1.817670542255492,720,2.32948709287888
netherlands_geleen,2022,flex_ml0p4_b24,3,3,3,2,1,3,0,1.9976922557273282,1,0.13228707285536895,336,2.083521397472061,336,1.0835213974720612
netherlands_geleen,2022,flex_ml0p6_b24,4,3,3,3,1,3,0,2.9965383835909916,1,0.13228707285536895,336,2.083521397472061,336,1.0835213974720612
netherlands_geleen,2022,rigid,5,3,3,4,1,4,1,3.32948709287888,1,0.15125850928202925,336,2.3823215211919604,336,2.32948709287888
netherlands_geleen,2023,flex_ml0p4_b24,2,1,1,2,1,2,1,1.9976922557273282,1,0.04586224848010015,168,0.7367358634046858,168,0.4625193284104401
netherlands_geleen,2023,flex_ml0p6_b24,3,1,1,3,1,3,1,2.9965383835909916,1,0.05144239444581894,168,0.8263759005206556,168,0.4625193284104401
netherlands_geleen,2023,rigid,4,2,2,4,1,4,1,3.32948709287888,1,0.06446273503249611,168,1.035535987124585,168,2.32948709287888
netherlands_sluiskil,2015,flex_ml0p4_b24,4,3,3,4,1,4,1,3.0707771797861634,1,0.13050712353344346,336,2.0554871956517347,336,1.4622859541467639
netherlands_sluiskil,2015,flex_ml0p6_b24,5,3,3,5,1,5,1,4.606165769679244,1,0.13050712353344346,336,2.0554871956517347,336,1.4622859541467639
netherlands_sluiskil,2015,rigid,7,3,3,6,1,6,1,5.117961966310271,1,0.15966929997965584,336,2.5147914746795794,336,4.117961966310271
netherlands_sluiskil,2016,flex_ml0p4_b24,5,3,2,4,1,4,1,3.0707771797861634,1,0.10180620929831213,720,1.5349243863437831,720,1.142141195374725
netherlands_sluiskil,2016,flex_ml0p6_b24,6,3,2,5,1,5,1,4.606165769679244,1,0.10180620929831213,720,1.5349243863437831,720,1.142141195374725
netherlands_sluiskil,2016,rigid,8,3,2,6,1,6,1,5.117961966310271,1,0.13227026862158753,720,1.9942286653716277,720,4.117961966310271
netherlands_sluiskil,2017,flex_ml0p4_b24,4,2,2,4,1,4,1,3.0707771797861634,1,0.08387002590225164,168,1.347296698147709,168,1.4258350963886786
netherlands_sluiskil,2017,flex_ml0p6_b24,6,2,2,5,1,5,1,4.606165769679244,1,0.09244761578992247,168,1.4850879818560623,168,1.4258350963886786
netherlands_sluiskil,2017,rigid,7,3,2,6,1,6,1,5.117961966310271,1,0.11246199219448778,168,1.8066009771755538,168,4.117961966310271
netherlands_sluiskil,2018,flex_ml0p4_b24,4,1,1,4,1,4,1,3.0707771797861634,1,0.052269716557793625,168,0.8396660877809667,168,0.9678816735468114
netherlands_sluiskil,2018,flex_ml0p6_b24,6,2,1,5,1,5,1,4.606165769679244,1,0.060847306445464454,168,0.97745737148932,168,0.9678816735468114
netherlands_sluiskil,2018,rigid,7,2,2,6,1,6,1,5.117961966310271,1,0.08086168285002976,168,1.2989703668088115,168,4.117961966310271
netherlands_sluiskil,2019,flex_ml0p4_b24,4,2,1,4,1,4,1,3.0707771797861634,1,0.04756993409251895,336,0.7492264619571735,336,0.564308140132916
netherlands_sluiskil,2019,flex_ml0p6_b24,5,2,1,5,1,5,1,4.606165769679244,1,0.04757006990438727,168,0.7641704819256059,168,0.564308140132916
netherlands_sluiskil,2019,rigid,7,2,2,6,1,6,1,5.117961966310271,1,0.0767321105387313,336,1.2085307409850181,336,4.117961966310271
netherlands_sluiskil,2020,flex_ml0p4_b24,4,2,2,4,1,4,1,3.0707771797861634,1,0.0976179998745912,168,1.5725258569541518,168,1.5032044253555887
netherlands_sluiskil,2020,flex_ml0p6_b24,5,2,2,5,1,5,1,4.606165769679244,1,0.10617169675421838,168,1.710317140662505,168,1.5032044253555887
netherlands_sluiskil,2020,rigid,6,3,3,6,1,6,1,5.117961966310271,1,0.12613032280668182,168,2.0318301359819966,168,4.117961966310271
netherlands_sluiskil,2021,flex_ml0p4_b24,6,4,3,4,1,4,0,3.0707771797861634,1,0.1449935265113573,336,2.283648042553877,336,1.7084062292087352
netherlands_sluiskil,2021,flex_ml0p6_b24,6,4,3,5,1,5,1,4.606165769679244,1,0.1449935265113573,336,2.283648042553877,336,1.7084062292087352
netherlands_sluiskil,2021,rigid,8,4,3,6,1,6,1,5.117961966310271,1,0.17415570295756966,336,2.742952321581722,336,4.117961966310271
netherlands_sluiskil,2022,flex_ml0p4_b24,5,4,3,4,1,4,0,3.0707771797861634,1,0.1800120455406999,336,2.8351897172660236,336,1.8351897172660236
netherlands_sluiskil,2022,flex_ml0p6_b24,6,4,3,5,1,5,1,4.606165769679244,1,0.1800120455406999,336,2.8351897172660236,336,1.8351897172660236
netherlands_sluiskil,2022,rigid,7,4,4,6,1,6,1,5.117961966310271,1,0.20917422198691227,336,3.294493996293868,336,4.117961966310271
netherlands_sluiskil,2023,flex_ml0p4_b24,4,2,1,4,1,4,1,3.0707771797861634,1,0.061392753571925765,168,0.9862194900720895,168,0.7441404607540258
netherlands_sluiskil,2023,flex_ml0p6_b24,5,2,2,5,1,5,1,4.606165769679244,1,0.0699703434595966,168,1.1240107737804428,168,0.7441404607540258
netherlands_sluiskil,2023,rigid,6,2,2,6,1,6,1,5.117961966310271,1,0.0899847198641619,168,1.445523769099934,168,4.117961966310271
poland_kedzierzyn,2015,flex_ml0p4_b24,2,1,1,2,1,2,1,1.0201172197333312,1,0.03355266878762945,168,0.5389935127038423,168,0.0
poland_kedzierzyn,2015,flex_ml0p6_b24,2,1,1,2,1,2,1,1.5301758295999965,1,0.03640215822822534,168,0.5847680033329019,168,0.0
poland_kedzierzyn,2015,rigid,3,1,1,2,1,2,1,1.7001953662222187,1,0.0430509669229491,168,0.6915751481340414,168,0.7001953662222187
poland_kedzierzyn,2016,flex_ml0p4_b24,2,1,1,2,1,2,1,1.0201172197333312,1,0.02047406184411859,336,0.3233851819481296,336,0.0
poland_kedzierzyn,2016,flex_ml0p6_b24,3,1,1,2,1,2,1,1.5301758295999965,1,0.02047406184411859,336,0.3233851819481296,336,0.0
poland_kedzierzyn,2016,rigid,3,1,1,2,1,2,1,1.7001953662222187,1,0.030134262788563012,336,0.4759668173783287,336,0.7001953662222187
poland_kedzierzyn,2017,flex_ml0p4_b24,2,1,1,2,1,2,1,1.0201172197333312,1,0.023724653031961397,336,0.373663285253392,336,0.0
poland_kedzierzyn,2017,flex_ml0p6_b24,2,1,1,2,1,2,1,1.5301758295999965,1,0.025716179583824432,168,0.41310734639143604,168,0.0
poland_kedzierzyn,2017,rigid,3,1,1,2,1,2,1,1.7001953662222187,1,0.03341237591641848,336,0.526244920683591,336,0.7001953662222187
poland_kedzierzyn,2018,flex_ml0p4_b24,2,1,1,2,1,2,1,1.0201172197333312,1,0.03146423819539379,336,0.4955617515774522,336,0.0
poland_kedzierzyn,2018,flex_ml0p6_b24,2,1,1,2,1,2,1,1.5301758295999965,1,0.03146423819539379,336,0.4955617515774522,336,0.0
poland_kedzierzyn,2018,rigid,3,1,1,2,1,2,1,1.7001953662222187,1,0.04115196107985087,336,0.6481433870076512,336,0.7001953662222187
poland_kedzierzyn,2019,flex_ml0p4_b24,2,1,1,2,1,2,1,1.0201172197333312,1,0.01470865277711292,168,0.23628130679131398,168,0.0
poland_kedzierzyn,2019,flex_ml0p6_b24,2,1,1,2,1,2,1,1.5301758295999965,1,0.017558142217708815,168,0.2820557974203737,168,0.0
poland_kedzierzyn,2019,rigid,2,1,1,2,1,2,1,1.7001953662222187,1,0.024206950912432575,168,0.388862942221513,168,0.7001953662222187
poland_kedzierzyn,2020,flex_ml0p4_b24,2,1,1,2,1,2,1,1.0201172197333312,1,0.025712971023422564,336,0.4061330807802129,336,0.0
poland_kedzierzyn,2020,flex_ml0p6_b24,2,1,1,2,1,2,1,1.5301758295999965,1,0.025712971023422564,336,0.4061330807802129,336,0.0
poland_kedzierzyn,2020,rigid,3,1,1,2,1,2,1,1.7001953662222187,1,0.03537317196786698,336,0.5587147162104119,336,0.7001953662222187
poland_kedzierzyn,2021,flex_ml0p4_b24,2,1,1,2,1,2,1,1.0201172197333312,1,0.03231499466281547,168,0.5191113886218947,168,0.0
poland_kedzierzyn,2021,flex_ml0p6_b24,2,1,1,2,1,2,1,1.5301758295999965,1,0.035164484103411366,168,0.5648858792509543,168,0.0
poland_kedzierzyn,2021,rigid,3,1,1,2,1,2,1,1.7001953662222187,1,0.04181329279813512,168,0.6716930240520937,168,0.7001953662222187
poland_kedzierzyn,2022,flex_ml0p4_b24,2,2,2,2,1,2,0,1.0201172197333312,1,0.10692748009346957,720,1.6073393642255525,720,0.6073393642255525
poland_kedzierzyn,2022,flex_ml0p6_b24,3,2,2,2,1,2,0,1.5301758295999965,1,0.10692748009346957,720,1.6073393642255525,720,0.6073393642255525
poland_kedzierzyn,2022,rigid,3,2,2,2,1,2,0,1.7001953662222187,1,0.11707790019031865,720,1.7599209996557517,720,0.7599209996557517
poland_kedzierzyn,2023,flex_ml0p4_b24,2,1,1,2,1,2,1,1.0201172197333312,1,0.026250944281996102,336,0.4134523724414386,336,0.0
poland_kedzierzyn,2023,flex_ml0p6_b24,2,1,1,2,1,2,1,1.5301758295999965,1,0.026250944281996102,336,0.4189469964280452,168,0.0
poland_kedzierzyn,2023,rigid,3,1,1,2,1,2,1,1.7001953662222187,1,0.035938667166453185,336,0.5660340078716376,336,0.7001953662222187
poland_police,2015,flex_ml0p4_b24,1,1,1,1,1,1,0,0.7713370296823951,1,0.03271629089974558,720,0.4917929625634833,720,0.0
poland_police,2015,flex_ml0p6_b24,2,1,1,2,1,2,1,1.1570055445235925,1,0.03271629089974558,720,0.4917929625634833,720,0.0
poland_police,2015,rigid,2,1,1,2,1,2,1,1.285561716137325,1,0.0403912862199684,720,0.6071638858065764,720,0.28556171613732495
poland_police,2016,flex_ml0p4_b24,2,1,1,1,1,1,0,0.7713370296823951,1,0.028375478040813824,720,0.42781489969227,720,0.0
poland_police,2016,flex_ml0p6_b24,2,1,1,2,1,2,1,1.1570055445235925,1,0.028375478040813824,720,0.4526732843979145,168,0.0
poland_police,2016,rigid,3,1,1,2,1,2,1,1.285561716137325,1,0.0360276311130598,720,0.5431858229353632,720,0.28556171613732495
poland_police,2017,flex_ml0p4_b24,2,1,1,1,1,1,0,0.7713370296823951,1,0.05773460733218092,720,0.8678695781664377,720,0.0
poland_police,2017,flex_ml0p6_b24,2,1,1,2,1,2,1,1.1570055445235925,1,0.05773460733218092,720,0.8678695781664377,720,0.0
poland_police,2017,rigid,2,2,1,2,1,2,0,1.285561716137325,1,0.06540960265240375,720,0.9832405014095309,720,0.28556171613732495
poland_police,2018,flex_ml0p4_b24,1,1,1,1,1,1,0,0.7713370296823951,1,0.026582653703712263,168,0.4270264755224547,168,0.0
poland_police,2018,flex_ml0p6_b24,2,1,1,2,1,2,1,1.1570055445235925,1,0.028737226412322302,168,0.46163775249538264,168,0.0
poland_police,2018,rigid,2,1,1,2,1,2,1,1.285561716137325,1,0.0337645627324124,168,0.5423973987655479,168,0.28556171613732495
poland_police,2019,flex_ml0p4_b24,1,1,1,1,1,1,0,0.7713370296823951,1,0.02851895771083353,336,0.44917358394562806,336,0.0
poland_police,2019,flex_ml0p6_b24,2,1,1,2,1,2,1,1.1570055445235925,1,0.0285418584699696,168,0.45849934183169117,168,0.0
poland_police,2019,rigid,2,1,1,2,1,2,1,1.285561716137325,1,0.03584409569452199,336,0.5645445071887213,336,0.28556171613732495
poland_police,2020,flex_ml0p4_b24,1,1,1,1,1,1,0,0.7713370296823951,1,0.026092929516333064,168,0.4203303325291346,168,0.0
poland_police,2020,flex_ml0p6_b24,2,1,1,2,1,2,1,1.1570055445235925,1,0.028241500629654498,168,0.45494160950206247,168,0.0
poland_police,2020,rigid,2,1,1,2,1,2,1,1.285561716137325,1,0.03325483322740451,168,0.5357012557722278,168,0.28556171613732495
poland_police,2021,flex_ml0p4_b24,2,1,1,1,1,1,0,0.7713370296823951,1,0.029858558768925028,720,0.44883538662262307,720,0.0
poland_police,2021,flex_ml0p6_b24,2,1,1,2,1,2,1,1.1570055445235925,1,0.029858558768925028,720,0.44883538662262307,720,0.0
poland_police,2021,rigid,3,1,1,2,1,2,1,1.285561716137325,1,0.03753355408914786,720,0.5642063098657163,720,0.28556171613732495
poland_police,2022,flex_ml0p4_b24,2,2,2,1,1,2,0,0.7744065404097397,72,0.10609014534265732,720,1.594752505311099,720,0.5947525053110989
poland_police,2022,flex_ml0p6_b24,2,2,2,2,1,2,0,1.1570055445235925,1,0.10609014534265732,720,1.594752505311099,720,0.5947525053110989
poland_police,2022,rigid,3,2,2,2,1,2,0,1.285561716137325,1,0.11376514066288014,720,1.7101234285541922,720,0.7101234285541922
poland_police,2023,flex_ml0p4_b24,1,1,1,1,1,1,0,0.7713370296823951,1,0.019209210570386933,336,0.3025450664835942,336,0.0
poland_police,2023,flex_ml0p6_b24,2,1,1,2,1,2,1,1.1570055445235925,1,0.019209210570386933,336,0.3066799956541579,168,0.0
poland_police,2023,rigid,2,1,1,2,1,2,1,1.285561716137325,1,0.02653434855407539,336,0.41791598972668736,336,0.28556171613732495
poland_pulawy,2015,flex_ml0p4_b24,2,2,1,2,1,2,0,1.5748182668259771,1,0.05647002243181624,168,0.9071402321418685,168,0.444019145042158
poland_pulawy,2015,flex_ml0p6_b24,3,2,1,3,1,3,1,2.362227400238965,1,0.06086895613803404,168,0.977805154371239,168,0.444019145042158
poland_pulawy,2015,rigid,4,2,2,3,1,3,1,2.624697111376628,1,0.0711331347858756,168,1.1426899729064375,168,1.6246971113766282
poland_pulawy,2016,flex_ml0p4_b24,2,1,1,2,1,2,1,1.5748182668259771,1,0.04451097969401797,336,0.7030452177311557,336,0.0
poland_pulawy,2016,flex_ml0p6_b24,3,1,1,3,1,3,1,2.362227400238965,1,0.04451097969401797,336,0.7030452177311557,336,0.0
poland_pulawy,2016,rigid,4,2,1,3,1,3,1,2.624697111376628,1,0.05942403146320334,336,0.9385949584957247,336,1.6246971113766282
poland_pulawy,2017,flex_ml0p4_b24,2,2,1,2,1,2,0,1.5748182668259771,1,0.05603209337633249,336,0.8825054706772367,336,0.14309377953561575
poland_pulawy,2017,flex_ml0p6_b24,3,2,1,3,1,3,1,2.362227400238965,1,0.05603209337633249,336,0.8825054706772367,336,0.14309377953561575
poland_pulawy,2017,rigid,3,2,2,3,1,3,1,2.624697111376628,1,0.07098763247249561,336,1.1180552114418059,336,1.6246971113766282
poland_pulawy,2018,flex_ml0p4_b24,2,2,2,2,1,2,0,1.5748182668259771,1,0.07194122365682522,336,1.1330742725949972,336,0.16158858686687583
poland_pulawy,2018,flex_ml0p6_b24,3,2,2,3,1,3,1,2.362227400238965,1,0.07194122365682522,336,1.1330742725949972,336,0.16158858686687583
poland_pulawy,2018,rigid,4,2,2,3,1,3,1,2.624697111376628,1,0.08689676275298834,336,1.3686240133595662,336,1.6246971113766282
poland_pulawy,2019,flex_ml0p4_b24,2,1,1,2,1,2,1,1.5748182668259771,1,0.030353057226197987,336,0.47806065131261827,336,0.0
poland_pulawy,2019,flex_ml0p6_b24,3,1,1,3,1,3,1,2.362227400238965,1,0.030353057226197987,336,0.47806065131261827,336,0.0
poland_pulawy,2019,rigid,3,1,1,3,1,3,1,2.624697111376628,1,0.0453085963223611,336,0.7136103920771875,336,1.6246971113766282
poland_pulawy,2020,flex_ml0p4_b24,3,2,2,2,1,2,0,1.5748182668259771,1,0.07968286939667464,336,1.2585807063679895,336,0.3409620782023757
poland_pulawy,2020,flex_ml0p6_b24,4,2,2,3,1,3,1,2.362227400238965,1,0.07968286939667464,336,1.2585807063679895,336,0.3409620782023757
poland_pulawy,2020,rigid,4,2,2,3,1,3,1,2.624697111376628,1,0.09459592116586002,336,1.4941304471325585,336,1.6246971113766282
poland_pulawy,2021,flex_ml0p4_b24,2,2,2,2,1,2,0,1.5748182668259771,1,0.06496249508133488,336,1.0231592975310244,336,0.34938916015953736
poland_pulawy,2021,flex_ml0p6_b24,3,2,2,3,1,3,1,2.362227400238965,1,0.06496249508133488,336,1.0231592975310244,336,0.34938916015953736
poland_pulawy,2021,rigid,4,2,2,3,1,3,1,2.624697111376628,1,0.079918034177498,336,1.2587090382955934,336,1.6246971113766282
poland_pulawy,2022,flex_ml0p4_b24,4,3,3,2,1,3,0,1.5748182668259771,1,0.1885272328532603,1440,2.5801643727032744,1440,1.5801643727032744
poland_pulawy,2022,flex_ml0p6_b24,4,3,3,3,1,3,0,2.362227400238965,1,0.1885272328532603,1440,2.5801643727032744,1440,1.5801643727032744
poland_pulawy,2022,rigid,5,3,3,3,1,3,0,2.624697111376628,1,0.20573836145245133,1440,2.8157141134678434,1440,1.8157141134678434
poland_pulawy,2023,flex_ml0p4_b24,2,2,2,2,1,2,0,1.5748182668259771,1,0.0730860912740067,336,1.1511059375656054,336,0.5473214188309579
poland_pulawy,2023,flex_ml0p6_b24,3,2,2,3,1,3,1,2.362227400238965,1,0.0730860912740067,336,1.1511059375656054,336,0.5473214188309579
poland_pulawy,2023,rigid,4,2,2,3,1,3,1,2.624697111376628,1,0.08804163037016981,336,1.3866556783301744,336,1.6246971113766282
poland_tarnow,2015,flex_ml0p4_b24,1,1,1,1,1,1,0,0.3854111022277696,168,0.01507194254522004,168,0.24211723088667578,168,0.0
poland_tarnow,2015,flex_ml0p6_b24,1,1,1,1,1,1,0,0.556966566427421,1,0.016109124233166818,168,0.2587786238994618,168,0.0
poland_tarnow,2015,rigid,1,1,1,1,1,1,0,0.6188517404749123,1,0.018529214838375975,168,0.29765520759596276,168,0.0
poland_tarnow,2016,flex_ml0p4_b24,1,1,1,1,1,1,0,0.3713110442849475,1,0.00793159166647856,168,0.12776980678115785,168,0.0
poland_tarnow,2016,flex_ml0p6_b24,1,1,1,1,1,1,0,0.556966566427421,1,0.008965884268943592,168,0.1444311997939439,168,0.0
poland_tarnow,2016,rigid,1,1,1,1,1,1,0,0.6188517404749123,1,0.01137923367469534,168,0.1833077834904448,168,0.0
poland_tarnow,2017,flex_ml0p4_b24,1,1,1,1,1,1,0,0.3713110442849475,1,0.015269589474985369,720,0.2295332520438506,720,0.0
poland_tarnow,2017,flex_ml0p6_b24,1,1,1,1,1,1,0,0.556966566427421,1,0.015269589474985369,720,0.2295332520438506,720,0.0
poland_tarnow,2017,rigid,1,1,1,1,1,1,0,0.6188517404749123,1,0.018964226731552007,720,0.28507122875313756,720,0.0
poland_tarnow,2018,flex_ml0p4_b24,1,1,1,1,1,1,0,0.3713110442849475,1,0.018687965418589785,336,0.2943354553427891,336,0.0
poland_tarnow,2018,flex_ml0p6_b24,1,1,1,1,1,1,0,0.556966566427421,1,0.018687965418589785,336,0.2943354553427891,336,0.0
poland_tarnow,2018,rigid,1,1,1,1,1,1,0,0.6188517404749123,1,0.022214186162036575,336,0.3498734320520761,336,0.0
poland_tarnow,2019,flex_ml0p4_b24,1,1,1,1,1,1,0,0.3713110442849475,1,0.006199421994193158,168,0.09958815075287213,168,0.0
poland_tarnow,2019,flex_ml0p6_b24,1,1,1,1,1,1,0,0.556966566427421,1,0.007236603682139937,168,0.11624954376565821,168,0.0
poland_tarnow,2019,rigid,1,1,1,1,1,1,0,0.6188517404749123,1,0.00965669428734909,168,0.1551261274621591,168,0.0
poland_tarnow,2020,flex_ml0p4_b24,1,1,1,1,1,1,0,0.3713110442849475,1,0.01878976925636272,336,0.2967819964594728,336,0.0
poland_tarnow,2020,flex_ml0p6_b24,1,1,1,1,1,1,0,0.556966566427421,1,0.01878976925636272,336,0.2967819964594728,336,0.0
poland_tarnow,2020,rigid,1,1,1,1,1,1,0,0.6188517404749123,1,0.02230741115882791,720,0.3523199731687598,336,0.0
poland_tarnow,2021,flex_ml0p4_b24,1,1,1,1,1,1,0,0.3713110442849475,1,0.015887087909150336,336,0.25022163456911783,336,0.0
poland_tarnow,2021,flex_ml0p6_b24,1,1,1,1,1,1,0,0.556966566427421,1,0.015887087909150336,336,0.25022163456911783,336,0.0
poland_tarnow,2021,rigid,1,1,1,1,1,1,0,0.6188517404749123,1,0.01941330865259713,336,0.3057596112784048,336,0.0
poland_tarnow,2022,flex_ml0p4_b24,1,1,1,1,1,1,0,0.3713110442849475,1,0.02876714721501065,720,0.43242923217435886,720,0.0
poland_tarnow,2022,flex_ml0p6_b24,1,1,1,1,1,1,0,0.556966566427421,1,0.02876714721501065,720,0.43242923217435886,720,0.0
poland_tarnow,2022,rigid,1,1,1,1,1,1,0,0.6188517404749123,1,0.032461784471577285,720,0.48796720888364575,720,0.0
poland_tarnow,2023,flex_ml0p4_b24,1,1,1,1,1,1,0,0.3713110442849475,1,0.012848832514219227,336,0.2023691120989528,336,0.0
poland_tarnow,2023,flex_ml0p6_b24,1,1,1,1,1,1,0,0.556966566427421,1,0.012848832514219227,336,0.2023691120989528,336,0.0
poland_tarnow,2023,rigid,1,1,1,1,1,1,0,0.6188517404749123,1,0.01637505325766602,336,0.2579070888082398,336,0.0
poland_wloclawek,2015,flex_ml0p4_b24,1,1,1,1,1,1,0,0.7278445673163157,1,0.021549573024059694,336,0.33940577512894016,336,0.0
poland_wloclawek,2015,flex_ml0p6_b24,2,1,1,2,1,2,1,1.0917668509744736,1,0.022837347021266365,168,0.36686148484162506,168,0.0
poland_wloclawek,2015,rigid,2,1,1,2,1,2,1,1.2130742788605262,1,0.02846167717711112,336,0.4482714155395001,336,0.2130742788605262
poland_wloclawek,2016,flex_ml0p4_b24,1,1,1,1,1,1,0,0.7278445673163157,1,0.02503965948539417,168,0.40336323260766377,168,0.0
poland_wloclawek,2016,flex_ml0p6_b24,2,1,1,2,1,2,1,1.0917668509744736,1,0.02706708167847583,168,0.4360229247308318,168,0.0
poland_wloclawek,2016,rigid,2,1,1,2,1,2,1,1.2130742788605262,1,0.03179773346233303,168,0.5122288730182237,168,0.2130742788605262
poland_wloclawek,2017,flex_ml0p4_b24,2,1,1,1,1,1,0,0.7278445673163157,1,0.039728943380164604,720,0.5972075142723462,720,0.0
poland_wloclawek,2017,flex_ml0p6_b24,2,1,1,2,1,2,1,1.0917668509744736,1,0.039728943380164604,720,0.5972075142723462,720,0.0
poland_wloclawek,2017,rigid,2,1,1,2,1,2,1,1.2130742788605262,1,0.04697117788082446,720,0.7060731546829062,720,0.2130742788605262
poland_wloclawek,2018,flex_ml0p4_b24,1,1,1,1,1,1,0,0.7278445673163157,1,0.023608576945485016,168,0.3792506014447785,168,0.0
poland_wloclawek,2018,flex_ml0p6_b24,2,1,1,2,1,2,1,1.0917668509744736,1,0.025641662329050137,168,0.41191029356794645,168,0.0
poland_wloclawek,2018,rigid,2,1,1,2,1,2,1,1.2130742788605262,1,0.030385528224035434,168,0.4881162418553385,168,0.2130742788605262
poland_wloclawek,2019,flex_ml0p4_b24,1,1,1,1,1,1,0,0.7278445673163157,1,0.019516038537619993,336,0.30737760696751487,336,0.0
poland_wloclawek,2019,flex_ml0p6_b24,2,1,1,2,1,2,1,1.0917668509744736,1,0.019516038537619993,336,0.30737760696751487,336,0.0
poland_wloclawek,2019,rigid,2,1,1,2,1,2,1,1.2130742788605262,1,0.02642814269067142,336,0.4162432473780749,336,0.2130742788605262
poland_wloclawek,2020,flex_ml0p4_b24,1,1,1,1,1,1,0,0.7278445673163157,1,0.03260422026544839,336,0.5149794790645182,336,0.0
poland_wloclawek,2020,flex_ml0p6_b24,2,1,1,2,1,2,1,1.0917668509744736,1,0.03260422026544839,336,0.5149794790645182,336,0.0
poland_wloclawek,2020,rigid,2,1,1,2,1,2,1,1.2130742788605262,1,0.03949668775897411,336,0.6238451194750783,336,0.2130742788605262
poland_wloclawek,2021,flex_ml0p4_b24,1,1,1,1,1,1,0,0.7278445673163157,1,0.02354439093184623,336,0.37082415717657813,336,0.0
poland_wloclawek,2021,flex_ml0p6_b24,2,1,1,2,1,2,1,1.0917668509744736,1,0.02354439093184623,336,0.37082415717657813,336,0.0
poland_wloclawek,2021,rigid,2,1,1,2,1,2,1,1.2130742788605262,1,0.03045649508489766,336,0.47968979758713814,336,0.2130742788605262
poland_wloclawek,2022,flex_ml0p4_b24,2,2,2,1,1,2,0,0.7278445673163157,1,0.10022867931208095,1440,1.371719425200595,1440,0.3717194252005951
poland_wloclawek,2022,flex_ml0p6_b24,2,2,2,2,1,2,0,1.0917668509744736,1,0.10022867931208095,1440,1.371719425200595,1440,0.3717194252005951
poland_wloclawek,2022,rigid,3,2,2,2,1,2,0,1.2130742788605262,1,0.10818326474723194,1440,1.480585065611155,1440,0.480585065611155
poland_wloclawek,2023,flex_ml0p4_b24,1,1,1,1,1,1,0,0.7278445673163157,1,0.0313545039170872,720,0.47132251080493265,720,0.0
poland_wloclawek,2023,flex_ml0p6_b24,2,1,1,2,1,2,1,1.0917668509744736,1,0.0313545039170872,720,0.47132251080493265,720,0.0
poland_wloclawek,2023,rigid,2,1,1,2,1,2,1,1.2130742788605262,1,0.03859673841774705,720,0.5801881512154926,720,0.2130742788605262
spain_huelva,2015,flex_ml0p4_b24,1,1,1,1,1,1,0,0.6526623785714054,1,0.0028666461118394514,24,0.04682188649337771,24,0.0
spain_huelva,2015,flex_ml0p6_b24,2,1,1,1,1,1,0,0.9789935678571079,1,0.006576360171373399,72,0.10682369662987305,72,0.0
spain_huelva,2015,rigid,2,1,1,2,1,2,1,1.0877706309523423,1,0.008545285010639975,168,0.13727233485040882,168,0.08777063095234228
spain_huelva,2016,flex_ml0p4_b24,1,1,1,1,1,1,0,0.6526623785714054,1,0.005819798223994994,168,0.09375098036473987,168,0.0
spain_huelva,2016,flex_ml0p6_b24,2,1,1,1,1,1,0,0.9789935678571079,1,0.00763779927851144,168,0.12303711273653366,168,0.0
spain_huelva,2016,rigid,2,1,1,2,1,2,1,1.0877706309523423,1,0.011879801739049824,168,0.1913714216040526,168,0.08777063095234228
spain_huelva,2017,flex_ml0p4_b24,1,1,1,1,1,1,0,0.6526623785714054,1,0.005715965271479567,336,0.09002645302580319,336,0.0
spain_huelva,2017,flex_ml0p6_b24,1,1,1,1,1,1,0,0.9789935678571079,1,0.005715965271479567,336,0.09002645302580319,336,0.0
spain_huelva,2017,rigid,2,1,1,2,1,2,1,1.0877706309523423,1,0.011914088524769264,336,0.1876468942651159,336,0.08777063095234228
spain_huelva,2018,flex_ml0p4_b24,1,1,1,1,1,1,0,0.6526623785714054,1,0.0034841479376403334,168,0.05596970981876074,168,0.0
spain_huelva,2018,flex_ml0p6_b24,2,1,1,1,1,1,0,0.9789935678571079,1,0.005896981810621366,72,0.0957881532571445,72,0.0
spain_huelva,2018,rigid,2,1,1,2,1,2,1,1.0877706309523423,1,0.009561078836815427,168,0.15359015105807347,168,0.08777063095234228
spain_huelva,2019,flex_ml0p4_b24,1,1,1,1,1,1,0,0.6526623785714054,1,0.002329185936031616,168,0.03741628176727712,168,0.0
spain_huelva,2019,flex_ml0p6_b24,1,1,1,1,1,1,0,0.9789935678571079,1,0.0063377865093672825,72,0.10294840394061985,72,0.0
spain_huelva,2019,rigid,2,1,1,2,1,2,1,1.0877706309523423,1,0.00840611683520671,168,0.13503672300658984,168,0.08777063095234228
spain_huelva,2020,flex_ml0p4_b24,1,1,1,1,1,1,0,0.6526623785714054,1,0.010715678747141365,336,0.16925277200613031,336,0.0
spain_huelva,2020,flex_ml0p6_b24,2,1,1,1,1,1,0,0.9789935678571079,1,0.010715678747141365,336,0.16925277200613031,336,0.0
spain_huelva,2020,rigid,2,1,1,2,1,2,1,1.0877706309523423,1,0.016896193695734214,336,0.266873213245443,336,0.08777063095234228
spain_huelva,2021,flex_ml0p4_b24,1,1,1,1,1,1,0,0.6526623785714054,1,0.0017905689398392466,12,0.029286132371793835,12,0.0
spain_huelva,2021,flex_ml0p6_b24,1,1,1,1,1,1,0,0.9789935678571079,1,0.00514308295262789,48,0.0837729088629966,48,0.0
spain_huelva,2021,rigid,2,1,1,2,1,2,1,1.0877706309523423,1,0.006696939492443825,72,0.10878233765290164,72,0.08777063095234228
spain_huelva,2022,flex_ml0p4_b24,1,1,1,1,1,1,0,0.6526623785714054,1,0.003745500668316159,336,0.058991635525979504,336,0.0
spain_huelva,2022,flex_ml0p6_b24,2,1,1,1,1,1,0,0.9789935678571079,1,0.005671195232602023,72,0.09212056871418928,72,0.0
spain_huelva,2022,rigid,2,1,1,2,1,2,1,1.0877706309523423,1,0.009943623921605856,336,0.15661207676529224,336,0.08777063095234228
spain_huelva,2023,flex_ml0p4_b24,1,1,1,1,1,1,0,0.6526623785714054,1,0.005640250070799451,168,0.09060555562450913,168,0.0
spain_huelva,2023,flex_ml0p6_b24,2,1,1,1,1,1,0,0.9789935678571079,1,0.007463329340551977,168,0.11989168799630291,168,0.0
spain_huelva,2023,rigid,2,1,1,2,1,2,1,1.0877706309523423,1,0.011717180969974544,168,0.18822599686382185,168,0.08777063095234228
spain_puertollano,2015,flex_ml0p4_b24,1,1,1,1,1,1,0,0.3263311892857027,1,0.017240338198216246,720,0.2591576479154942,720,0.0
spain_puertollano,2015,flex_ml0p6_b24,1,1,1,1,1,1,0,0.48949678392855395,1,0.017240338198216246,720,0.2591576479154942,720,0.0
spain_puertollano,2015,rigid,2,1,1,1,1,1,0,0.5438853154761711,1,0.020487414708521744,720,0.30796786853515057,720,0.0
spain_puertollano,2016,flex_ml0p4_b24,1,1,1,1,1,1,0,0.3263311892857027,1,0.014219597460122347,336,0.22459671885731708,336,0.0
spain_puertollano,2016,flex_ml0p6_b24,1,1,1,1,1,1,0,0.48949678392855395,1,0.014219597460122347,336,0.22459671885731708,336,0.0
spain_puertollano,2016,rigid,1,1,1,1,1,1,0,0.5438853154761711,1,0.01730985493441877,336,0.2734069394769735,336,0.0
spain_puertollano,2017,flex_ml0p4_b24,1,1,1,1,1,1,0,0.3263311892857027,1,0.0050789796367875445,336,0.07999392927940382,336,0.0
spain_puertollano,2017,flex_ml0p6_b24,1,1,1,1,1,1,0,0.48949678392855395,1,0.0050789796367875445,336,0.08132786763539276,168,0.0
spain_puertollano,2017,rigid,1,1,1,1,1,1,0,0.5438853154761711,1,0.008178041263432393,336,0.1288041498990602,336,0.0
spain_puertollano,2018,flex_ml0p4_b24,1,1,1,1,1,1,0,0.3263311892857027,1,0.004951771987710544,720,0.07793490799704468,336,0.0
spain_puertollano,2018,flex_ml0p6_b24,1,1,1,1,1,1,0,0.48949678392855395,1,0.004951771987710544,720,0.0782955924887071,168,0.0
spain_puertollano,2018,rigid,1,1,1,1,1,1,0,0.5438853154761711,1,0.008198848498016041,720,0.12674512861670104,336,0.0
spain_puertollano,2019,flex_ml0p4_b24,1,1,1,1,1,1,0,0.3263311892857027,1,0.004648875504609461,336,0.07321978919759901,336,0.0
spain_puertollano,2019,flex_ml0p6_b24,1,1,1,1,1,1,0,0.48949678392855395,1,0.004648875504609461,336,0.07321978919759901,336,0.0
spain_puertollano,2019,rigid,1,1,1,1,1,1,0,0.5438853154761711,1,0.007747937131254309,336,0.12203000981725537,336,0.0
spain_puertollano,2020,flex_ml0p4_b24,1,1,1,1,1,1,0,0.3263311892857027,1,0.014875450327802547,720,0.2242760203268692,720,0.0
spain_puertollano,2020,flex_ml0p6_b24,1,1,1,1,1,1,0,0.48949678392855395,1,0.014875450327802547,720,0.2242760203268692,720,0.0
spain_puertollano,2020,rigid,1,1,1,1,1,1,0,0.5438853154761711,1,0.01811286291992261,720,0.27308624094652556,720,0.0
spain_puertollano,2021,flex_ml0p4_b24,1,1,1,1,1,1,0,0.3263311892857027,1,0.0025439838164018494,168,0.04086681694809638,168,0.0
spain_puertollano,2021,flex_ml0p6_b24,1,1,1,1,1,1,0,0.48949678392855395,1,0.0034600362340684015,48,0.05635866712030647,48,0.0
spain_puertollano,2021,rigid,1,1,1,1,1,1,0,0.5438853154761711,1,0.005582449265989397,168,0.08967703756775275,168,0.0
spain_puertollano,2022,flex_ml0p4_b24,1,1,1,1,1,1,0,0.3263311892857027,1,0.001892518775341128,48,0.0308262192829603,48,0.0
spain_puertollano,2022,flex_ml0p6_b24,1,1,1,1,1,1,0,0.48949678392855395,1,0.003690486760386321,48,0.06011235165475412,48,0.0
spain_puertollano,2022,rigid,1,1,1,1,1,1,0,0.5438853154761711,1,0.004289809422068053,48,0.0698743957786854,48,0.0
spain_puertollano,2023,flex_ml0p4_b24,1,1,1,1,1,1,0,0.3263311892857027,1,0.008052794104706518,336,0.12683150714912766,336,0.0
spain_puertollano,2023,flex_ml0p6_b24,1,1,1,1,1,1,0,0.48949678392855395,1,0.008052794104706518,336,0.12683150714912766,336,0.0
spain_puertollano,2023,rigid,1,1,1,1,1,1,0,0.5438853154761711,1,0.011151855731351367,336,0.17564172776878403,336,0.0
spain_sabinanigo,2015,flex_ml0p4_b24,1,1,1,1,1,1,0,0.014681116175503653,1,0.0012376742751656286,720,0.018604783174765382,720,0.0
spain_sabinanigo,2015,flex_ml0p6_b24,1,1,1,1,1,1,0,0.022021674263255474,1,0.0012376742751656286,720,0.018604783174765382,720,0.0
spain_sabinanigo,2015,rigid,1,1,1,1,1,1,0,0.02446852695917275,1,0.0013837550331308392,720,0.020800676619819346,720,0.0
spain_sabinanigo,2016,flex_ml0p4_b24,1,1,1,1,1,1,0,0.014681116175503653,1,0.0030820353932008854,4380,0.033242418026763976,2160,0.0
spain_sabinanigo,2016,flex_ml0p6_b24,1,1,1,1,1,1,0,0.022021674263255474,1,0.0030820353932008854,4380,0.033242418026763976,2160,0.0
spain_sabinanigo,2016,rigid,1,1,1,1,1,1,0,0.02446852695917275,1,0.003348722335535197,4380,0.03543831147181797,2160,0.0
spain_sabinanigo,2017,flex_ml0p4_b24,1,1,1,1,1,1,0,0.014681116175503653,1,0.00025961879372111843,168,0.0041705429299046335,168,0.0
spain_sabinanigo,2017,flex_ml0p6_b24,1,1,1,1,1,1,0,0.022021674263255474,1,0.00030062749812196656,168,0.004829310963420821,168,0.0
spain_sabinanigo,2017,rigid,1,1,1,1,1,1,0,0.02446852695917275,1,0.00039631447505727904,168,0.006366436374958598,168,0.0
spain_sabinanigo,2018,flex_ml0p4_b24,1,1,1,1,1,1,0,0.014681116175503653,1,0.0012032533998529065,1440,0.016467602619781765,1440,0.0
spain_sabinanigo,2018,flex_ml0p6_b24,1,1,1,1,1,1,0,0.022021674263255474,1,0.0012032533998529065,1440,0.016467602619781765,1440,0.0
spain_sabinanigo,2018,rigid,1,1,1,1,1,1,0,0.02446852695917275,1,0.001363702756962236,1440,0.01866349606483573,1440,0.0
spain_sabinanigo,2019,flex_ml0p4_b24,1,1,1,1,1,1,0,0.014681116175503653,1,0.0006491932070741287,336,0.010224793011417528,336,0.0
spain_sabinanigo,2019,flex_ml0p6_b24,1,1,1,1,1,1,0,0.022021674263255474,1,0.0006491932070741287,336,0.010224793011417528,336,0.0
spain_sabinanigo,2019,rigid,1,1,1,1,1,1,0,0.02446852695917275,1,0.0007886150131093011,336,0.012420686456471493,336,0.0
spain_sabinanigo,2020,flex_ml0p4_b24,1,1,1,1,1,1,0,0.014681116175503653,1,0.0009086322573403957,1440,0.012476219841173895,1440,0.0
spain_sabinanigo,2020,flex_ml0p6_b24,1,1,1,1,1,1,0,0.022021674263255474,1,0.0009086322573403957,1440,0.012476219841173895,1440,0.0
spain_sabinanigo,2020,rigid,1,1,1,1,1,1,0,0.02446852695917275,1,0.0010685572701454463,1440,0.014672113286227858,1440,0.0
spain_sabinanigo,2021,flex_ml0p4_b24,1,1,1,1,1,1,0,0.014681116175503653,1,0.0007935885253551084,720,0.011929263409985444,720,0.0
spain_sabinanigo,2021,flex_ml0p6_b24,1,1,1,1,1,1,0,0.022021674263255474,1,0.0007935885253551084,720,0.011929263409985444,720,0.0
spain_sabinanigo,2021,rigid,1,1,1,1,1,1,0,0.02446852695917275,1,0.0009396692833203188,720,0.014125156855039409,720,0.0
spain_sabinanigo,2022,flex_ml0p4_b24,1,1,1,1,1,1,0,0.014681116175503653,1,0.0022483233686426607,1440,0.030770323025974877,1440,0.0
spain_sabinanigo,2022,flex_ml0p6_b24,1,1,1,1,1,1,0,0.022021674263255474,1,0.0022483233686426607,1440,0.030770323025974877,1440,0.0
spain_sabinanigo,2022,rigid,1,1,1,1,1,1,0,0.02446852695917275,1,0.0024118477047040936,2160,0.03296621647102884,1440,0.0
spain_sabinanigo,2023,flex_ml0p4_b24,1,1,1,1,1,1,0,0.014681116175503653,1,0.0006643954569799926,1440,0.009092848081104386,1440,0.0
spain_sabinanigo,2023,flex_ml0p6_b24,1,1,1,1,1,1,0,0.022021674263255474,1,0.0006643954569799926,1440,0.009092848081104386,1440,0.0
spain_sabinanigo,2023,rigid,1,1,1,1,1,1,0,0.02446852695917275,1,0.0008248448140893221,1440,0.011288741526158351,1440,0.0
