site_id,weather_year,process_case,free_inventory_relief_service_hours,product_buffer_limit_service_hours
france_grand_quevilly,2015,flex_ml0p4_b24,24.00000000000018,24.0
france_grand_quevilly,2015,flex_ml0p6_b24,22.26539161375075,24.0
france_grand_quevilly,2016,flex_ml0p4_b24,23.999999999999865,24.0
france_grand_quevilly,2016,flex_ml0p6_b24,23.99999999999968,24.0
france_grand_quevilly,2017,flex_ml0p4_b24,24.00000000000006,24.0
france_grand_quevilly,2017,flex_ml0p6_b24,15.99799443738787,24.0
france_grand_quevilly,2018,flex_ml0p4_b24,23.999999999898545,24.0
france_grand_quevilly,2018,flex_ml0p6_b24,19.08963459078426,24.0
france_grand_quevilly,2019,flex_ml0p4_b24,23.999999999885,24.0
france_grand_quevilly,2019,flex_ml0p6_b24,24.000000000198952,24.0
france_grand_quevilly,2020,flex_ml0p4_b24,24.00000000000004,24.0
france_grand_quevilly,2020,flex_ml0p6_b24,21.779248938787568,24.0
france_grand_quevilly,2021,flex_ml0p4_b24,23.999999999883872,24.0
france_grand_quevilly,2021,flex_ml0p6_b24,24.000000000228464,24.0
france_grand_quevilly,2022,flex_ml0p4_b24,24.000000000000234,24.0
france_grand_quevilly,2022,flex_ml0p6_b24,23.99999999999968,24.0
france_grand_quevilly,2023,flex_ml0p4_b24,24.00000000000004,24.0
france_grand_quevilly,2023,flex_ml0p6_b24,11.200000000000005,24.0
france_grandpuits_bailly_carrois,2015,flex_ml0p4_b24,23.999999999999968,24.0
france_grandpuits_bailly_carrois,2015,flex_ml0p6_b24,23.9999999999997,24.0
france_grandpuits_bailly_carrois,2016,flex_ml0p4_b24,23.999999999893298,24.0
france_grandpuits_bailly_carrois,2016,flex_ml0p6_b24,24.000000000222975,24.0
france_grandpuits_bailly_carrois,2017,flex_ml0p4_b24,24.00000000000004,24.0
france_grandpuits_bailly_carrois,2017,flex_ml0p6_b24,16.664492589856533,24.0
france_grandpuits_bailly_carrois,2018,flex_ml0p4_b24,23.999999999880327,24.0
france_grandpuits_bailly_carrois,2018,flex_ml0p6_b24,17.639047655761658,24.0
france_grandpuits_bailly_carrois,2019,flex_ml0p4_b24,23.99999999988839,24.0
france_grandpuits_bailly_carrois,2019,flex_ml0p6_b24,24.000000000188994,24.0
france_grandpuits_bailly_carrois,2020,flex_ml0p4_b24,24.000000000000032,24.0
france_grandpuits_bailly_carrois,2020,flex_ml0p6_b24,19.580841322519124,24.0
france_grandpuits_bailly_carrois,2021,flex_ml0p4_b24,23.999999999999904,24.0
france_grandpuits_bailly_carrois,2021,flex_ml0p6_b24,23.99999999999929,24.0
france_grandpuits_bailly_carrois,2022,flex_ml0p4_b24,24.000000000000007,24.0
france_grandpuits_bailly_carrois,2022,flex_ml0p6_b24,23.999999999999822,24.0
france_grandpuits_bailly_carrois,2023,flex_ml0p4_b24,23.99999999999995,24.0
france_grandpuits_bailly_carrois,2023,flex_ml0p6_b24,10.86945584595179,24.0
france_le_havre,2015,flex_ml0p4_b24,23.999999999999957,24.0
france_le_havre,2015,flex_ml0p6_b24,14.390508593487345,24.0
france_le_havre,2016,flex_ml0p4_b24,24.000000000000203,24.0
france_le_havre,2016,flex_ml0p6_b24,21.411598921394713,24.0
france_le_havre,2017,flex_ml0p4_b24,24.0000000000001,24.0
france_le_havre,2017,flex_ml0p6_b24,14.624232257680259,24.0
france_le_havre,2018,flex_ml0p4_b24,23.999999999878188,24.0
france_le_havre,2018,flex_ml0p6_b24,19.000000000000014,24.0
france_le_havre,2019,flex_ml0p4_b24,23.99999999989413,24.0
france_le_havre,2019,flex_ml0p6_b24,24.00000000019928,24.0
france_le_havre,2020,flex_ml0p4_b24,23.99999999989644,24.0
france_le_havre,2020,flex_ml0p6_b24,12.856213540545314,24.0
france_le_havre,2021,flex_ml0p4_b24,24.00000000000005,24.0
france_le_havre,2021,flex_ml0p6_b24,23.999999999999904,24.0
france_le_havre,2022,flex_ml0p4_b24,23.999999999999986,24.0
france_le_havre,2022,flex_ml0p6_b24,23.99999999999968,24.0
france_le_havre,2023,flex_ml0p4_b24,23.999999999999982,24.0
france_le_havre,2023,flex_ml0p6_b24,12.224398855910467,24.0
france_ottmarsheim,2015,flex_ml0p4_b24,24.000000000000682,24.0
france_ottmarsheim,2015,flex_ml0p6_b24,24.000000000000355,24.0
france_ottmarsheim,2016,flex_ml0p4_b24,23.999999999881474,24.0
france_ottmarsheim,2016,flex_ml0p6_b24,24.000000000209635,24.0
france_ottmarsheim,2017,flex_ml0p4_b24,23.999999999999904,24.0
france_ottmarsheim,2017,flex_ml0p6_b24,23.19999999999954,24.0
france_ottmarsheim,2018,flex_ml0p4_b24,24.000000000002693,24.0
france_ottmarsheim,2018,flex_ml0p6_b24,24.0000000000022,24.0
france_ottmarsheim,2019,flex_ml0p4_b24,23.9999999999997,24.0
france_ottmarsheim,2019,flex_ml0p6_b24,23.99999999999845,24.0
france_ottmarsheim,2020,flex_ml0p4_b24,24.00000000000134,24.0
france_ottmarsheim,2020,flex_ml0p6_b24,24.000000000001545,24.0
france_ottmarsheim,2021,flex_ml0p4_b24,23.999999999996668,24.0
france_ottmarsheim,2021,flex_ml0p6_b24,23.999999999995563,24.0
france_ottmarsheim,2022,flex_ml0p4_b24,23.999999999999822,24.0
france_ottmarsheim,2022,flex_ml0p6_b24,24.000000000000316,24.0
france_ottmarsheim,2023,flex_ml0p4_b24,24.00000000000006,24.0
france_ottmarsheim,2023,flex_ml0p6_b24,11.255190304452437,24.0
italy_ferrara,2015,flex_ml0p4_b24,24.000000000002363,24.0
italy_ferrara,2015,flex_ml0p6_b24,24.00000000000261,24.0
italy_ferrara,2016,flex_ml0p4_b24,23.99999999985615,24.0
italy_ferrara,2016,flex_ml0p6_b24,24.000000000219963,24.0
italy_ferrara,2017,flex_ml0p4_b24,24.000000000000192,24.0
italy_ferrara,2017,flex_ml0p6_b24,18.979843485601275,24.0
italy_ferrara,2018,flex_ml0p4_b24,23.999999999853877,24.0
italy_ferrara,2018,flex_ml0p6_b24,24.00000000022265,24.0
italy_ferrara,2019,flex_ml0p4_b24,24.000000000000366,24.0
italy_ferrara,2019,flex_ml0p6_b24,23.516113536387962,24.0
italy_ferrara,2020,flex_ml0p4_b24,24.00000000000052,24.0
italy_ferrara,2020,flex_ml0p6_b24,23.999999999999783,24.0
italy_ferrara,2021,flex_ml0p4_b24,23.999999999861068,24.0
italy_ferrara,2021,flex_ml0p6_b24,24.000000000211603,24.0
italy_ferrara,2022,flex_ml0p4_b24,23.99999999985238,24.0
italy_ferrara,2022,flex_ml0p6_b24,24.000000000226805,24.0
italy_ferrara,2023,flex_ml0p4_b24,23.99999999986859,24.0
italy_ferrara,2023,flex_ml0p6_b24,24.00000000020226,24.0
netherlands_geleen,2015,flex_ml0p4_b24,24.000000000000274,24.0
netherlands_geleen,2015,flex_ml0p6_b24,23.999999999999822,24.0
netherlands_geleen,2016,flex_ml0p4_b24,24.00000000000013,24.0
netherlands_geleen,2016,flex_ml0p6_b24,23.99999999999968,24.0
netherlands_geleen,2017,flex_ml0p4_b24,24.000000000000078,24.0
netherlands_geleen,2017,flex_ml0p6_b24,14.445517965750355,24.0
netherlands_geleen,2018,flex_ml0p4_b24,24.00000000000011,24.0
netherlands_geleen,2018,flex_ml0p6_b24,15.426850884756286,24.0
netherlands_geleen,2019,flex_ml0p4_b24,23.99999999987529,24.0
netherlands_geleen,2019,flex_ml0p6_b24,24.0000000001914,24.0
netherlands_geleen,2020,flex_ml0p4_b24,24.000000000000192,24.0
netherlands_geleen,2020,flex_ml0p6_b24,18.024503575327323,24.0
netherlands_geleen,2021,flex_ml0p4_b24,23.999999999872337,24.0
netherlands_geleen,2021,flex_ml0p6_b24,24.00000000019763,24.0
netherlands_geleen,2022,flex_ml0p4_b24,23.999999999999986,24.0
netherlands_geleen,2022,flex_ml0p6_b24,23.999999999999947,24.0
netherlands_geleen,2023,flex_ml0p4_b24,24.000000000000007,24.0
netherlands_geleen,2023,flex_ml0p6_b24,23.400000000000034,24.0
netherlands_sluiskil,2015,flex_ml0p4_b24,23.999999999999925,24.0
netherlands_sluiskil,2015,flex_ml0p6_b24,23.999999999999783,24.0
netherlands_sluiskil,2016,flex_ml0p4_b24,23.999999999999986,24.0
netherlands_sluiskil,2016,flex_ml0p6_b24,23.99999999999966,24.0
netherlands_sluiskil,2017,flex_ml0p4_b24,23.99999999999998,24.0
netherlands_sluiskil,2017,flex_ml0p6_b24,19.832425746352865,24.0
netherlands_sluiskil,2018,flex_ml0p4_b24,23.999999999887706,24.0
netherlands_sluiskil,2018,flex_ml0p6_b24,17.23440646552434,24.0
netherlands_sluiskil,2019,flex_ml0p4_b24,23.99999999988705,24.0
netherlands_sluiskil,2019,flex_ml0p6_b24,24.00000000018839,24.0
netherlands_sluiskil,2020,flex_ml0p4_b24,24.00000000000016,24.0
netherlands_sluiskil,2020,flex_ml0p6_b24,16.29999999999987,24.0
netherlands_sluiskil,2021,flex_ml0p4_b24,24.000000000000068,24.0
netherlands_sluiskil,2021,flex_ml0p6_b24,23.999999999999968,24.0
netherlands_sluiskil,2022,flex_ml0p4_b24,23.999999999999904,24.0
netherlands_sluiskil,2022,flex_ml0p6_b24,23.99999999999937,24.0
netherlands_sluiskil,2023,flex_ml0p4_b24,24.00000000000003,24.0
netherlands_sluiskil,2023,flex_ml0p6_b24,18.600000000000016,24.0
poland_kedzierzyn,2015,flex_ml0p4_b24,24.00000000000006,24.0
poland_kedzierzyn,2015,flex_ml0p6_b24,21.079505566566198,24.0
poland_kedzierzyn,2016,flex_ml0p4_b24,24.00000000000016,24.0
poland_kedzierzyn,2016,flex_ml0p6_b24,24.00000000000004,24.0
poland_kedzierzyn,2017,flex_ml0p4_b24,23.999999999999996,24.0
poland_kedzierzyn,2017,flex_ml0p6_b24,23.999999999999854,24.0
poland_kedzierzyn,2018,flex_ml0p4_b24,24.00000000000005,24.0
poland_kedzierzyn,2018,flex_ml0p6_b24,23.999999999999865,24.0
poland_kedzierzyn,2019,flex_ml0p4_b24,24.000000000000004,24.0
poland_kedzierzyn,2019,flex_ml0p6_b24,20.000000000000046,24.0
poland_kedzierzyn,2020,flex_ml0p4_b24,24.00000000000005,24.0
poland_kedzierzyn,2020,flex_ml0p6_b24,23.999999999999957,24.0
poland_kedzierzyn,2021,flex_ml0p4_b24,24.000000000000007,24.0
poland_kedzierzyn,2021,flex_ml0p6_b24,23.999999999999947,24.0
poland_kedzierzyn,2022,flex_ml0p4_b24,24.00000000000052,24.0
poland_kedzierzyn,2022,flex_ml0p6_b24,24.000000000000437,24.0
poland_kedzierzyn,2023,flex_ml0p4_b24,24.00000000000012,24.0
poland_kedzierzyn,2023,flex_ml0p6_b24,23.999999999999893,24.0
poland_police,2015,flex_ml0p4_b24,24.000000000000398,24.0
poland_police,2015,flex_ml0p6_b24,23.9999999999998,24.0
poland_police,2016,flex_ml0p4_b24,24.00000000000005,24.0
poland_police,2016,flex_ml0p6_b24,23.999999999999986,24.0
poland_police,2017,flex_ml0p4_b24,23.999999999999822,24.0
poland_police,2017,flex_ml0p6_b24,23.99999999999937,24.0
poland_police,2018,flex_ml0p4_b24,23.999999999999886,24.0
poland_police,2018,flex_ml0p6_b24,24.000000000000007,24.0
poland_police,2019,flex_ml0p4_b24,23.999999999999986,24.0
poland_police,2019,flex_ml0p6_b24,23.999999999999762,24.0
poland_police,2020,flex_ml0p4_b24,23.999999999999947,24.0
poland_police,2020,flex_ml0p6_b24,20.54611592931441,24.0
poland_police,2021,flex_ml0p4_b24,23.99999999987004,24.0
poland_police,2021,flex_ml0p6_b24,24.00000000020945,24.0
poland_police,2022,flex_ml0p4_b24,24.00000000000003,24.0
poland_police,2022,flex_ml0p6_b24,24.000000000000234,24.0
poland_police,2023,flex_ml0p4_b24,24.000000000000007,24.0
poland_police,2023,flex_ml0p6_b24,24.000000000000018,24.0
poland_pulawy,2015,flex_ml0p4_b24,24.000000000000007,24.0
poland_pulawy,2015,flex_ml0p6_b24,23.240542743648877,24.0
poland_pulawy,2016,flex_ml0p4_b24,24.00000000000013,24.0
poland_pulawy,2016,flex_ml0p6_b24,23.999999999999947,24.0
poland_pulawy,2017,flex_ml0p4_b24,23.999999999999865,24.0
poland_pulawy,2017,flex_ml0p6_b24,23.999999999999453,24.0
poland_pulawy,2018,flex_ml0p4_b24,24.000000000000007,24.0
poland_pulawy,2018,flex_ml0p6_b24,23.999999999999968,24.0
poland_pulawy,2019,flex_ml0p4_b24,24.000000000000078,24.0
poland_pulawy,2019,flex_ml0p6_b24,23.99999999999998,24.0
poland_pulawy,2020,flex_ml0p4_b24,23.999999999999822,24.0
poland_pulawy,2020,flex_ml0p6_b24,23.9999999999997,24.0
poland_pulawy,2021,flex_ml0p4_b24,24.000000000000007,24.0
poland_pulawy,2021,flex_ml0p6_b24,23.999999999999844,24.0
poland_pulawy,2022,flex_ml0p4_b24,24.00000000000011,24.0
poland_pulawy,2022,flex_ml0p6_b24,23.999999999999904,24.0
poland_pulawy,2023,flex_ml0p4_b24,24.00000000000013,24.0
poland_pulawy,2023,flex_ml0p6_b24,23.999999999999968,24.0
poland_tarnow,2015,flex_ml0p4_b24,24.000000000000007,24.0
poland_tarnow,2015,flex_ml0p6_b24,23.242312777216583,24.0
poland_tarnow,2016,flex_ml0p4_b24,23.999999999999996,24.0
poland_tarnow,2016,flex_ml0p6_b24,21.99999999999996,24.0
poland_tarnow,2017,flex_ml0p4_b24,24.000000000000213,24.0
poland_tarnow,2017,flex_ml0p6_b24,23.99999999999966,24.0
poland_tarnow,2018,flex_ml0p4_b24,24.00000000000003,24.0
poland_tarnow,2018,flex_ml0p6_b24,23.999999999999538,24.0
poland_tarnow,2019,flex_ml0p4_b24,24.00000000000006,24.0
poland_tarnow,2019,flex_ml0p6_b24,18.4891749400754,24.0
poland_tarnow,2020,flex_ml0p4_b24,24.00000000000003,24.0
poland_tarnow,2020,flex_ml0p6_b24,23.999999999999474,24.0
poland_tarnow,2021,flex_ml0p4_b24,23.999999999999822,24.0
poland_tarnow,2021,flex_ml0p6_b24,23.99999999999968,24.0
poland_tarnow,2022,flex_ml0p4_b24,24.00000000000011,24.0
poland_tarnow,2022,flex_ml0p6_b24,24.000000000000192,24.0
poland_tarnow,2023,flex_ml0p4_b24,24.00000000000017,24.0
poland_tarnow,2023,flex_ml0p6_b24,23.999999999999947,24.0
poland_wloclawek,2015,flex_ml0p4_b24,24.00000000000005,24.0
poland_wloclawek,2015,flex_ml0p6_b24,23.999999999999886,24.0
poland_wloclawek,2016,flex_ml0p4_b24,23.999999999999865,24.0
poland_wloclawek,2016,flex_ml0p6_b24,20.39999999999979,24.0
poland_wloclawek,2017,flex_ml0p4_b24,24.00000000000003,24.0
poland_wloclawek,2017,flex_ml0p6_b24,23.99999999999966,24.0
poland_wloclawek,2018,flex_ml0p4_b24,23.999999999999925,24.0
poland_wloclawek,2018,flex_ml0p6_b24,23.999999999999783,24.0
poland_wloclawek,2019,flex_ml0p4_b24,24.00000000000011,24.0
poland_wloclawek,2019,flex_ml0p6_b24,23.999999999999822,24.0
poland_wloclawek,2020,flex_ml0p4_b24,23.999999999999783,24.0
poland_wloclawek,2020,flex_ml0p6_b24,23.999999999999556,24.0
poland_wloclawek,2021,flex_ml0p4_b24,23.999999999999886,24.0
poland_wloclawek,2021,flex_ml0p6_b24,23.99999999999966,24.0
poland_wloclawek,2022,flex_ml0p4_b24,24.000000000000888,24.0
poland_wloclawek,2022,flex_ml0p6_b24,24.000000000000274,24.0
poland_wloclawek,2023,flex_ml0p4_b24,24.00000000000005,24.0
poland_wloclawek,2023,flex_ml0p6_b24,23.999999999999822,24.0
spain_huelva,2015,flex_ml0p4_b24,23.999999999999922,24.0
spain_huelva,2015,flex_ml0p6_b24,18.22342427817474,24.0
spain_huelva,2016,flex_ml0p4_b24,24.000000000000018,24.0
spain_huelva,2016,flex_ml0p6_b24,23.999999999999915,24.0
spain_huelva,2017,flex_ml0p4_b24,23.99999999999984,24.0
spain_huelva,2017,flex_ml0p6_b24,20.117999879595036,24.0
spain_huelva,2018,flex_ml0p4_b24,23.999999999999947,24.0
spain_huelva,2018,flex_ml0p6_b24,16.561885031710695,24.0
spain_huelva,2019,flex_ml0p4_b24,24.000000000000007,24.0
spain_huelva,2019,flex_ml0p6_b24,8.700000000000003,24.0
spain_huelva,2020,flex_ml0p4_b24,24.00000000000013,24.0
spain_huelva,2020,flex_ml0p6_b24,24.00000000000006,24.0
spain_huelva,2021,flex_ml0p4_b24,23.956667934820377,24.0
spain_huelva,2021,flex_ml0p6_b24,7.868363825430958,24.0
spain_huelva,2022,flex_ml0p4_b24,24.00000000000004,24.0
spain_huelva,2022,flex_ml0p6_b24,22.377148379748462,24.0
spain_huelva,2023,flex_ml0p4_b24,23.999999999885027,24.0
spain_huelva,2023,flex_ml0p6_b24,22.008143591145647,24.0
spain_puertollano,2015,flex_ml0p4_b24,23.99999999986568,24.0
spain_puertollano,2015,flex_ml0p6_b24,24.00000000021726,24.0
spain_puertollano,2016,flex_ml0p4_b24,23.999999999999986,24.0
spain_puertollano,2016,flex_ml0p6_b24,23.999999999999638,24.0
spain_puertollano,2017,flex_ml0p4_b24,24.000000000000234,24.0
spain_puertollano,2017,flex_ml0p6_b24,23.999999999999893,24.0
spain_puertollano,2018,flex_ml0p4_b24,24.00000000000006,24.0
spain_puertollano,2018,flex_ml0p6_b24,21.00000000000007,24.0
spain_puertollano,2019,flex_ml0p4_b24,23.999999999865874,24.0
spain_puertollano,2019,flex_ml0p6_b24,24.000000000210445,24.0
spain_puertollano,2020,flex_ml0p4_b24,24.000000000000295,24.0
spain_puertollano,2020,flex_ml0p6_b24,23.999999999999925,24.0
spain_puertollano,2021,flex_ml0p4_b24,23.999999999999968,24.0
spain_puertollano,2021,flex_ml0p6_b24,13.699999999999966,24.0
spain_puertollano,2022,flex_ml0p4_b24,23.99999999999988,24.0
spain_puertollano,2022,flex_ml0p6_b24,15.677364029885744,24.0
spain_puertollano,2023,flex_ml0p4_b24,23.99999999986958,24.0
spain_puertollano,2023,flex_ml0p6_b24,24.00000000021114,24.0
spain_sabinanigo,2015,flex_ml0p4_b24,23.999999999844224,24.0
spain_sabinanigo,2015,flex_ml0p6_b24,24.000000000232173,24.0
spain_sabinanigo,2016,flex_ml0p4_b24,23.99999999986246,24.0
spain_sabinanigo,2016,flex_ml0p6_b24,24.000000000242174,24.0
spain_sabinanigo,2017,flex_ml0p4_b24,24.000000000000153,24.0
spain_sabinanigo,2017,flex_ml0p6_b24,18.20000000000008,24.0
spain_sabinanigo,2018,flex_ml0p4_b24,24.000000000000234,24.0
spain_sabinanigo,2018,flex_ml0p6_b24,24.00000000000003,24.0
spain_sabinanigo,2019,flex_ml0p4_b24,23.99999999999974,24.0
spain_sabinanigo,2019,flex_ml0p6_b24,23.999999999999186,24.0
spain_sabinanigo,2020,flex_ml0p4_b24,23.999999999850147,24.0
spain_sabinanigo,2020,flex_ml0p6_b24,24.000000000248424,24.0
spain_sabinanigo,2021,flex_ml0p4_b24,23.999999999850413,24.0
spain_sabinanigo,2021,flex_ml0p6_b24,24.0000000002382,24.0
spain_sabinanigo,2022,flex_ml0p4_b24,23.999999999839023,24.0
spain_sabinanigo,2022,flex_ml0p6_b24,24.00000000024738,24.0
spain_sabinanigo,2023,flex_ml0p4_b24,23.999999999997918,24.0
spain_sabinanigo,2023,flex_ml0p6_b24,23.99999999999712,24.0
