site_id,country,weather_years,median_free_h2_reduction_pct,median_reference_caverns_avoided,weather_years_with_lower_count,feasible_module_pairs,all_replay_module_count_rigid,all_replay_module_count_flex,maximum_annual_free_inventory_hours_rigid,maximum_annual_free_inventory_hours_flex,all_replay_module_count_reduction,maximum_annual_free_inventory_reduction_pct
france_grand_quevilly,France,9,20.48238814855799,1.0,5,9,2.0,1.0,202.32867249727468,178.328672497275,1.0,11.861887741255734
france_grandpuits_bailly_carrois,France,9,17.40604426386649,0.0,3,9,2.0,2.0,192.88921545682223,168.88921545682237,0.0,12.442375247968283
france_le_havre,France,9,21.330462060177606,0.0,3,9,2.0,1.0,187.1097618296974,163.1097618296977,1.0,12.826695820308876
france_ottmarsheim,France,9,8.641530727616102,1.0,5,9,2.0,2.0,494.0483299337511,470.0483299335415,0.0,4.857824335410241
italy_ferrara,Italy,9,12.91736733541863,1.0,5,9,4.0,3.0,403.5165822424042,379.5165822424016,1.0,5.947710963111066
netherlands_geleen,Netherlands,9,15.670436687376164,1.0,8,9,6.0,5.0,235.62137353764592,211.621373537646,1.0,10.185833160914564
netherlands_sluiskil,Netherlands,9,16.87476636292704,1.0,9,9,8.0,6.0,201.806915189457,177.8069151894576,2.0,11.892555801404573
poland_kedzierzyn,Poland,9,21.746185843387,1.0,6,9,3.0,3.0,286.2084987847383,262.20849878473786,0.0,8.385495225301193
poland_police,Poland,9,16.013848673828686,0.0,3,9,3.0,2.0,360.26204343673294,336.2620434367327,1.0,6.661817540102573
poland_pulawy,Poland,9,15.458468183080116,1.0,6,9,5.0,4.0,304.32716449408,280.3271644940801,1.0,7.886249668148441
poland_tarnow,Poland,9,14.803193892669958,0.0,0,9,1.0,1.0,235.6270360845248,211.62703608452463,0.0,10.185588376790015
poland_wloclawek,Poland,9,16.356730823652697,0.0,1,9,3.0,2.0,332.8458378707708,308.84583787077054,1.0,7.2105453243848014
spain_huelva,Spain,9,33.54779305572342,0.0,3,9,2.0,2.0,88.11574544165589,64.11574544165585,0.0,27.23690287099843
spain_puertollano,Spain,9,27.752470667476278,0.0,1,9,2.0,1.0,177.23907855369228,153.23907855347505,1.0,13.54103180633877
spain_sabinanigo,Spain,9,11.842354229446148,0.0,0,9,1.0,1.0,469.5162967557328,445.51629675549066,0.0,5.111643656690413
