scenario,site_id,country,city_cluster,scale_anchor,nh3_equivalent_service_tph,weather_year,wtir,product_buffer_cap_hours,cavern_id,withdrawal_rate_million_sm3_day,ramp_fraction_nameplate_per_hour,renewable_overbuild,minimum_load_fraction_lower_feasible,minimum_load_fraction_upper_infeasible,feasible_at_40pct_minimum_load,feasible_at_66p7pct_minimum_load,status_at_40pct,status_at_66p7pct,threshold_classification,solver_calls,interpretation,evaluation_backend,maximum_checked_feasible_primal_residual
central_wtir2_buffer24,spain_huelva,Spain,Huelva,median,30.468745693440656,2015,2.0,24.0,high_investment_small_cavern,1.4,0.6,1.5,0.5333333333333333,0.55,True,False,optimal,infeasible,crossing_bracketed,6,Conditional one-reference-cavern scenario threshold; not a measured plant operating limit or geological feasibility result.,preserved_compact_checkpoint,
wtir_1_buffer24,spain_huelva,Spain,Huelva,median,30.468745693440656,2015,1.0,24.0,high_investment_small_cavern,1.4,0.6,1.5,0.6,0.6166666666666667,True,False,optimal,infeasible,crossing_bracketed,6,Conditional one-reference-cavern scenario threshold; not a measured plant operating limit or geological feasibility result.,preserved_compact_checkpoint,
wtir_5_buffer24,spain_huelva,Spain,Huelva,median,30.468745693440656,2015,5.0,24.0,high_investment_small_cavern,1.4,0.6,1.5,,,False,False,infeasible,infeasible,infeasible_at_lower_test_bound,2,Conditional one-reference-cavern scenario threshold; not a measured plant operating limit or geological feasibility result.,preserved_compact_checkpoint,
wtir_2_buffer0,spain_huelva,Spain,Huelva,median,30.468745693440656,2015,2.0,0.0,high_investment_small_cavern,1.4,0.6,1.5,,,False,False,infeasible,infeasible,infeasible_at_lower_test_bound,2,Conditional one-reference-cavern scenario threshold; not a measured plant operating limit or geological feasibility result.,preserved_compact_checkpoint,
wtir_2_buffer48,spain_huelva,Spain,Huelva,median,30.468745693440656,2015,2.0,48.0,high_investment_small_cavern,1.4,0.6,1.5,0.5333333333333333,0.55,True,False,optimal,infeasible,crossing_bracketed,6,Conditional one-reference-cavern scenario threshold; not a measured plant operating limit or geological feasibility result.,preserved_compact_checkpoint,
exact_table14_rate,spain_huelva,Spain,Huelva,median,30.468745693440656,2015,2.0,24.0,high_investment_small_cavern,1.3625,0.6,1.5,0.5166666666666666,0.5333333333333333,True,False,optimal,infeasible,crossing_bracketed,6,Conditional one-reference-cavern scenario threshold; not a measured plant operating limit or geological feasibility result.,preserved_compact_checkpoint,
mid_cavern,spain_huelva,Spain,Huelva,median,30.468745693440656,2015,2.0,24.0,mid_investment_cavern,2.8,0.6,1.5,0.6666666666666666,,True,True,optimal,optimal,feasible_at_upper_test_bound,2,"Conditional one-reference-unit feasibility, not factory availability.",expanded_highs_ds,4.879989745631974e-10
large_cavern,spain_huelva,Spain,Huelva,median,30.468745693440656,2015,2.0,24.0,low_investment_large_cavern,5.9,0.6,1.5,0.6666666666666666,,True,True,feasible_constructive_rigid_witness,feasible_constructive_rigid_witness,feasible_at_upper_test_bound,2,"Conditional one-reference-unit feasibility, not factory availability.",checked_constructive_rigid_witness,7.26430471331696e-10
slow_ramp,spain_huelva,Spain,Huelva,median,30.468745693440656,2015,2.0,24.0,high_investment_small_cavern,1.4,0.03,1.5,,,False,False,infeasible,infeasible,infeasible_at_lower_test_bound,2,"Conditional one-reference-unit feasibility, not factory availability.",expanded_highs_ds,
overbuild2,spain_huelva,Spain,Huelva,median,30.468745693440656,2015,2.0,24.0,high_investment_small_cavern,1.4,0.6,2.0,0.6,0.6166666666666667,True,False,optimal,infeasible,crossing_bracketed,6,"Conditional one-reference-unit feasibility, not factory availability.",expanded_highs_ds,8.994287536978618e-10
central_wtir2_buffer24,spain_huelva,Spain,Huelva,median,30.468745693440656,2019,2.0,24.0,high_investment_small_cavern,1.4,0.6,1.5,0.6,0.6166666666666667,True,False,optimal,infeasible,crossing_bracketed,6,"Conditional one-reference-unit feasibility, not factory availability.",expanded_highs_ds,8.821023911309567e-10
wtir_1_buffer24,spain_huelva,Spain,Huelva,median,30.468745693440656,2019,1.0,24.0,high_investment_small_cavern,1.4,0.6,1.5,0.6,0.6166666666666667,True,False,optimal,infeasible,crossing_bracketed,6,"Conditional one-reference-unit feasibility, not factory availability.",expanded_highs_ds,7.083005293395672e-10
wtir_5_buffer24,spain_huelva,Spain,Huelva,median,30.468745693440656,2019,5.0,24.0,high_investment_small_cavern,1.4,0.6,1.5,0.4166666666666667,0.43333333333333335,True,False,optimal,infeasible,crossing_bracketed,6,"Conditional one-reference-unit feasibility, not factory availability.",expanded_highs_ds,4.129141473185882e-10
wtir_2_buffer0,spain_huelva,Spain,Huelva,median,30.468745693440656,2019,2.0,0.0,high_investment_small_cavern,1.4,0.6,1.5,,,False,False,infeasible,infeasible,infeasible_at_lower_test_bound,2,"Conditional one-reference-unit feasibility, not factory availability.",expanded_highs_ds,
wtir_2_buffer48,spain_huelva,Spain,Huelva,median,30.468745693440656,2019,2.0,48.0,high_investment_small_cavern,1.4,0.6,1.5,0.6,0.6166666666666667,True,False,optimal,infeasible,crossing_bracketed,6,"Conditional one-reference-unit feasibility, not factory availability.",expanded_highs_ds,8.808411777749825e-10
exact_table14_rate,spain_huelva,Spain,Huelva,median,30.468745693440656,2019,2.0,24.0,high_investment_small_cavern,1.3625,0.6,1.5,0.5833333333333333,0.6,True,False,optimal,infeasible,crossing_bracketed,6,"Conditional one-reference-unit feasibility, not factory availability.",expanded_highs_ds,8.359286596260063e-10
mid_cavern,spain_huelva,Spain,Huelva,median,30.468745693440656,2019,2.0,24.0,mid_investment_cavern,2.8,0.6,1.5,0.6666666666666666,,True,True,optimal,optimal,feasible_at_upper_test_bound,2,"Conditional one-reference-unit feasibility, not factory availability.",expanded_highs_ds,5.032383398884122e-10
large_cavern,spain_huelva,Spain,Huelva,median,30.468745693440656,2019,2.0,24.0,low_investment_large_cavern,5.9,0.6,1.5,0.6666666666666666,,True,True,feasible_constructive_rigid_witness,feasible_constructive_rigid_witness,feasible_at_upper_test_bound,2,"Conditional one-reference-unit feasibility, not factory availability.",checked_constructive_rigid_witness,8.094502845779061e-11
slow_ramp,spain_huelva,Spain,Huelva,median,30.468745693440656,2019,2.0,24.0,high_investment_small_cavern,1.4,0.03,1.5,0.6,0.6166666666666667,True,False,optimal,infeasible,crossing_bracketed,6,"Conditional one-reference-unit feasibility, not factory availability.",expanded_highs_ds,8.058123057708144e-10
overbuild2,spain_huelva,Spain,Huelva,median,30.468745693440656,2019,2.0,24.0,high_investment_small_cavern,1.4,0.6,2.0,0.6,0.6166666666666667,True,False,optimal,infeasible,crossing_bracketed,6,"Conditional one-reference-unit feasibility, not factory availability.",expanded_highs_ds,8.463556522286808e-10
central_wtir2_buffer24,spain_huelva,Spain,Huelva,median,30.468745693440656,2023,2.0,24.0,high_investment_small_cavern,1.4,0.6,1.5,0.5166666666666666,0.5333333333333333,True,False,optimal,infeasible,crossing_bracketed,6,"Conditional one-reference-unit feasibility, not factory availability.",expanded_highs_ds,6.843290378810707e-10
wtir_1_buffer24,spain_huelva,Spain,Huelva,median,30.468745693440656,2023,1.0,24.0,high_investment_small_cavern,1.4,0.6,1.5,0.6,0.6166666666666667,True,False,optimal,infeasible,crossing_bracketed,6,"Conditional one-reference-unit feasibility, not factory availability.",expanded_highs_ds,8.439258181169862e-10
wtir_5_buffer24,spain_huelva,Spain,Huelva,median,30.468745693440656,2023,5.0,24.0,high_investment_small_cavern,1.4,0.6,1.5,,,False,False,infeasible,infeasible,infeasible_at_lower_test_bound,2,"Conditional one-reference-unit feasibility, not factory availability.",expanded_highs_ds,
wtir_2_buffer0,spain_huelva,Spain,Huelva,median,30.468745693440656,2023,2.0,0.0,high_investment_small_cavern,1.4,0.6,1.5,,,False,False,infeasible,infeasible,infeasible_at_lower_test_bound,2,"Conditional one-reference-unit feasibility, not factory availability.",expanded_highs_ds,
wtir_2_buffer48,spain_huelva,Spain,Huelva,median,30.468745693440656,2023,2.0,48.0,high_investment_small_cavern,1.4,0.6,1.5,0.5166666666666666,0.5333333333333333,True,False,optimal,infeasible,crossing_bracketed,6,"Conditional one-reference-unit feasibility, not factory availability.",expanded_highs_ds,6.6774497042843e-10
exact_table14_rate,spain_huelva,Spain,Huelva,median,30.468745693440656,2023,2.0,24.0,high_investment_small_cavern,1.3625,0.6,1.5,0.5166666666666666,0.5333333333333333,True,False,optimal,infeasible,crossing_bracketed,6,"Conditional one-reference-unit feasibility, not factory availability.",expanded_highs_ds,6.65233201857518e-10
mid_cavern,spain_huelva,Spain,Huelva,median,30.468745693440656,2023,2.0,24.0,mid_investment_cavern,2.8,0.6,1.5,0.6666666666666666,,True,True,optimal,optimal,feasible_at_upper_test_bound,2,"Conditional one-reference-unit feasibility, not factory availability.",expanded_highs_ds,4.752835902621655e-10
large_cavern,spain_huelva,Spain,Huelva,median,30.468745693440656,2023,2.0,24.0,low_investment_large_cavern,5.9,0.6,1.5,0.6666666666666666,,True,True,feasible_constructive_rigid_witness,feasible_constructive_rigid_witness,feasible_at_upper_test_bound,2,"Conditional one-reference-unit feasibility, not factory availability.",checked_constructive_rigid_witness,8.906511084205704e-10
slow_ramp,spain_huelva,Spain,Huelva,median,30.468745693440656,2023,2.0,24.0,high_investment_small_cavern,1.4,0.03,1.5,,,False,False,infeasible,infeasible,infeasible_at_lower_test_bound,2,"Conditional one-reference-unit feasibility, not factory availability.",expanded_highs_ds,
overbuild2,spain_huelva,Spain,Huelva,median,30.468745693440656,2023,2.0,24.0,high_investment_small_cavern,1.4,0.6,2.0,0.5833333333333333,0.6,True,False,optimal,infeasible,crossing_bracketed,6,"Conditional one-reference-unit feasibility, not factory availability.",expanded_highs_ds,8.716383170792597e-10
