case_key,block,site_id,weather_year,factor_level,process_case,service_scale_tph,grid_critical_sufficient_mw,grid_connection_mw,pv_capacity_mw,wind_capacity_mw,electrolyser_mw,elapsed_seconds,status,solver_status,free_h2_inventory_kg_per_normalized_tph,free_h2_inventory_service_hours,maximum_original_matrix_and_bound_residual,combined_stock_identity_residual_kg,same_electrolysis_rigid_reconstruction_grid_requirement_mw,same_electrolysis_reconstruction_feasible
grid|spain_huelva|0.0|2015|rigid,grid,spain_huelva,2015,0.0,rigid,30.468745693440656,0.7571152859689545,0.0,37.87705231779908,58.81027645985802,27.69826875515251,14.257149900004151,infeasible,2,,,,,,
grid|spain_huelva|0.0|2015|flex_ml0p6_b24,grid,spain_huelva,2015,0.0,flex_ml0p6_b24,30.468745693440656,0.7571152859689545,0.0,37.87705231779908,58.81027645985802,27.69826875515251,14.705561900002067,infeasible,2,,,,,,
grid|spain_huelva|0.0|2019|rigid,grid,spain_huelva,2019,0.0,rigid,30.468745693440656,0.7571152859689545,0.0,37.87705231779908,58.81027645985802,27.69826875515251,14.603545000005397,infeasible,2,,,,,,
grid|spain_huelva|0.0|2019|flex_ml0p6_b24,grid,spain_huelva,2019,0.0,flex_ml0p6_b24,30.468745693440656,0.7571152859689545,0.0,37.87705231779908,58.81027645985802,27.69826875515251,14.842325500008883,infeasible,2,,,,,,
grid|spain_huelva|0.0|2023|rigid,grid,spain_huelva,2023,0.0,rigid,30.468745693440656,0.7571152859689545,0.0,37.87705231779908,58.81027645985802,27.69826875515251,14.550823100013076,infeasible,2,,,,,,
grid|spain_huelva|0.0|2023|flex_ml0p6_b24,grid,spain_huelva,2023,0.0,flex_ml0p6_b24,30.468745693440656,0.7571152859689545,0.0,37.87705231779908,58.81027645985802,27.69826875515251,14.858726599995862,infeasible,2,,,,,,
grid|spain_huelva|0.6|2015|rigid,grid,spain_huelva,2015,0.6,rigid,30.468745693440656,0.7571152859689545,0.4542691715813727,37.87705231779908,58.81027645985802,27.69826875515251,15.447137800001656,optimal,0,9984.01362327836,56.23117238840757,9.094947017729282e-13,9.094947017729282e-13,0.45426917158137314,True
grid|spain_huelva|0.6|2015|flex_ml0p6_b24,grid,spain_huelva,2015,0.6,flex_ml0p6_b24,30.468745693440656,0.7571152859689545,0.4542691715813727,37.87705231779908,58.81027645985802,27.69826875515251,22.35784659998899,optimal,0,6654.576348631268,37.47937893025768,1.1677911970764399e-09,2.2168933355715126e-12,0.488291254641668,False
grid|spain_huelva|0.6|2019|rigid,grid,spain_huelva,2019,0.6,rigid,30.468745693440656,0.7571152859689545,0.4542691715813727,37.87705231779908,58.81027645985802,27.69826875515251,14.798974499994074,optimal,0,7333.6013863834705,41.30373007746209,5.115907697472721e-13,5.115907697472721e-13,0.45426917158137314,True
grid|spain_huelva|0.6|2019|flex_ml0p6_b24,grid,spain_huelva,2019,0.6,flex_ml0p6_b24,30.468745693440656,0.7571152859689545,0.4542691715813727,37.87705231779908,58.81027645985802,27.69826875515251,21.460257900005672,optimal,0,5782.420412256672,32.56729120097938,1.1768861440941691e-09,1.4495071809506044e-12,0.488291254641668,False
grid|spain_huelva|0.6|2023|rigid,grid,spain_huelva,2023,0.6,rigid,30.468745693440656,0.7571152859689545,0.4542691715813727,37.87705231779908,58.81027645985802,27.69826875515251,14.81674729999213,optimal,0,11433.486549958876,64.39477923911001,9.663381206337363e-13,9.663381206337363e-13,0.45426917158137314,True
grid|spain_huelva|0.6|2023|flex_ml0p6_b24,grid,spain_huelva,2023,0.6,flex_ml0p6_b24,30.468745693440656,0.7571152859689545,0.4542691715813727,37.87705231779908,58.81027645985802,27.69826875515251,21.52650549999089,optimal,0,7474.097811805359,42.095022939826904,1.1841621017083526e-09,2.4726887204451486e-12,0.488291254641668,False
grid|spain_huelva|1.0|2015|rigid,grid,spain_huelva,2015,1.0,rigid,30.468745693440656,0.7571152859689545,0.7571152859689545,37.87705231779908,58.81027645985802,27.69826875515251,13.699806899996474,optimal,0,9881.517542605614,55.653902064175696,9.094947017729282e-13,9.094947017729282e-13,0.6528154438313152,True
grid|spain_huelva|1.0|2015|flex_ml0p6_b24,grid,spain_huelva,2015,1.0,flex_ml0p6_b24,30.468745693440656,0.7571152859689545,0.7571152859689545,37.87705231779908,58.81027645985802,27.69826875515251,17.617812099997536,optimal,0,6645.893803528337,37.43047778600096,1.1896190699189901e-09,2.5579538487363607e-12,0.6528653338124357,True
grid|spain_huelva|1.0|2019|rigid,grid,spain_huelva,2019,1.0,rigid,30.468745693440656,0.7571152859689545,0.7571152859689545,37.87705231779908,58.81027645985802,27.69826875515251,13.661681099998532,optimal,0,7321.685999971212,41.236621179908106,4.547473508864641e-13,4.547473508864641e-13,0.6528541307521429,True
grid|spain_huelva|1.0|2019|flex_ml0p6_b24,grid,spain_huelva,2019,1.0,flex_ml0p6_b24,30.468745693440656,0.7571152859689545,0.7571152859689545,37.87705231779908,58.81027645985802,27.69826875515251,16.48980300000403,optimal,0,5776.974857856937,32.5366211799081,1.2023519957438111e-09,1.3642420526593924e-12,0.6525762078807595,True
grid|spain_huelva|1.0|2023|rigid,grid,spain_huelva,2023,1.0,rigid,30.468745693440656,0.7571152859689545,0.7571152859689545,37.87705231779908,58.81027645985802,27.69826875515251,13.222948199996608,optimal,0,11304.675405267017,63.66929929126338,9.094947017729282e-13,9.094947017729282e-13,0.6528117426979883,True
grid|spain_huelva|1.0|2023|flex_ml0p6_b24,grid,spain_huelva,2023,1.0,flex_ml0p6_b24,30.468745693440656,0.7571152859689545,0.7571152859689545,37.87705231779908,58.81027645985802,27.69826875515251,20.141466599990963,optimal,0,7397.063379693045,41.66115570011773,1.2023519957438111e-09,2.2168933355715126e-12,0.6528154438313152,True
