case_key,block,site_id,weather_year,factor_level,process_case,service_scale_tph,grid_critical_sufficient_mw,grid_connection_mw,pv_capacity_mw,wind_capacity_mw,electrolyser_mw,elapsed_seconds,minimum_withdrawal_kgph_per_normalized_tph,minimum_injection_kgph_per_normalized_tph,fixed_working_gas_kg_per_normalized_tph,maximum_original_matrix_and_bound_residual,status
volume|spain_sabinanigo|low_investment_large_cavern|2015|rigid,volume,spain_sabinanigo,2015,low_investment_large_cavern,rigid,0.6853699706521995,0.7571152859689545,29.031602088485847,40.59085756127919,249.12426647432565,27.69826875515251,3.8784755999949994,367.9646134399143,183.98230671995714,7774696.149333537,6.24140739091672e-11,optimal
volume|spain_sabinanigo|low_investment_large_cavern|2015|flex_ml0p6_b24,volume,spain_sabinanigo,2015,low_investment_large_cavern,flex_ml0p6_b24,0.6853699706521995,0.7571152859689545,29.031602088485847,40.59085756127919,249.12426647432565,27.69826875515251,10.680838300002506,303.70367452805993,151.85183726402997,7774696.149333537,6.137905739223015e-10,optimal
volume|spain_sabinanigo|low_investment_large_cavern|2019|rigid,volume,spain_sabinanigo,2019,low_investment_large_cavern,rigid,0.6853699706521995,0.7571152859689545,29.031602088485847,40.59085756127919,249.12426647432565,27.69826875515251,3.21959799999604,321.4020414917506,160.7010207458753,7774696.149333537,6.357936399581376e-11,optimal
volume|spain_sabinanigo|low_investment_large_cavern|2019|flex_ml0p6_b24,volume,spain_sabinanigo,2019,low_investment_large_cavern,flex_ml0p6_b24,0.6853699706521995,0.7571152859689545,29.031602088485847,40.59085756127919,249.12426647432565,27.69826875515251,9.930134700000053,265.464525456401,132.7322627282005,7774696.149333537,5.079052733947265e-10,optimal
volume|spain_sabinanigo|low_investment_large_cavern|2023|rigid,volume,spain_sabinanigo,2023,low_investment_large_cavern,rigid,0.6853699706521995,0.7571152859689545,29.031602088485847,40.59085756127919,249.12426647432565,27.69826875515251,2.6577814999909606,347.4066987346084,173.7033493673042,7774696.149333537,7.628386811120436e-11,optimal
volume|spain_sabinanigo|low_investment_large_cavern|2023|flex_ml0p6_b24,volume,spain_sabinanigo,2023,low_investment_large_cavern,flex_ml0p6_b24,0.6853699706521995,0.7571152859689545,29.031602088485847,40.59085756127919,249.12426647432565,27.69826875515251,8.723412199993618,287.5336552640867,143.76682763204334,7774696.149333537,5.488280940824097e-10,optimal
volume|spain_sabinanigo|mid_investment_cavern|2015|rigid,volume,spain_sabinanigo,2015,mid_investment_cavern,rigid,0.6853699706521995,0.7571152859689545,29.031602088485847,40.59085756127919,249.12426647432565,27.69826875515251,3.895925199991325,367.9646134399143,183.98230671995714,3893567.8315862347,6.24140739091672e-11,optimal
volume|spain_sabinanigo|mid_investment_cavern|2015|flex_ml0p6_b24,volume,spain_sabinanigo,2015,mid_investment_cavern,flex_ml0p6_b24,0.6853699706521995,0.7571152859689545,29.031602088485847,40.59085756127919,249.12426647432565,27.69826875515251,11.236602000004495,303.70367452805993,151.85183726402997,3893567.8315862347,6.137905739223015e-10,optimal
volume|spain_sabinanigo|mid_investment_cavern|2019|rigid,volume,spain_sabinanigo,2019,mid_investment_cavern,rigid,0.6853699706521995,0.7571152859689545,29.031602088485847,40.59085756127919,249.12426647432565,27.69826875515251,3.2202104999887524,321.4020414917506,160.7010207458753,3893567.8315862347,6.357936399581376e-11,optimal
volume|spain_sabinanigo|mid_investment_cavern|2019|flex_ml0p6_b24,volume,spain_sabinanigo,2019,mid_investment_cavern,flex_ml0p6_b24,0.6853699706521995,0.7571152859689545,29.031602088485847,40.59085756127919,249.12426647432565,27.69826875515251,10.031305800002883,265.464525456401,132.7322627282005,3893567.8315862347,5.079052733947265e-10,optimal
volume|spain_sabinanigo|mid_investment_cavern|2023|rigid,volume,spain_sabinanigo,2023,mid_investment_cavern,rigid,0.6853699706521995,0.7571152859689545,29.031602088485847,40.59085756127919,249.12426647432565,27.69826875515251,2.7666228000016417,347.4066987346084,173.7033493673042,3893567.8315862347,7.628386811120436e-11,optimal
volume|spain_sabinanigo|mid_investment_cavern|2023|flex_ml0p6_b24,volume,spain_sabinanigo,2023,mid_investment_cavern,flex_ml0p6_b24,0.6853699706521995,0.7571152859689545,29.031602088485847,40.59085756127919,249.12426647432565,27.69826875515251,8.671557599998778,287.5336552640867,143.76682763204334,3893567.8315862347,5.488280940824097e-10,optimal
volume|spain_huelva|low_investment_large_cavern|2015|rigid,volume,spain_huelva,2015,low_investment_large_cavern,rigid,30.468745693440656,0.7571152859689545,29.031602088485847,37.87705231779908,58.81027645985802,27.69826875515251,3.6978573000087636,209.84662617832018,104.92331308916009,174885.54748237072,6.848210887255846e-11,optimal
volume|spain_huelva|low_investment_large_cavern|2015|flex_ml0p6_b24,volume,spain_huelva,2015,low_investment_large_cavern,flex_ml0p6_b24,30.468745693440656,0.7571152859689545,29.031602088485847,37.87705231779908,58.81027645985802,27.69826875515251,15.497982000000775,166.83614971140656,83.41807485570328,174885.54748237072,5.456968210637569e-10,optimal
volume|spain_huelva|low_investment_large_cavern|2019|rigid,volume,spain_huelva,2019,low_investment_large_cavern,rigid,30.468745693440656,0.7571152859689545,29.031602088485847,37.87705231779908,58.81027645985802,27.69826875515251,2.626147500006482,177.55300484072126,88.77650242036063,174885.54748237072,3.609557097661309e-12,optimal
volume|spain_huelva|low_investment_large_cavern|2019|flex_ml0p6_b24,volume,spain_huelva,2019,low_investment_large_cavern,flex_ml0p6_b24,30.468745693440656,0.7571152859689545,29.031602088485847,37.87705231779908,58.81027645985802,27.69826875515251,11.158568499988178,159.79770435664912,79.89885217832456,174885.54748237072,6.511982064694166e-10,optimal
volume|spain_huelva|low_investment_large_cavern|2023|rigid,volume,spain_huelva,2023,low_investment_large_cavern,rigid,30.468745693440656,0.7571152859689545,29.031602088485847,37.87705231779908,58.81027645985802,27.69826875515251,3.3893809000001056,215.431207701715,107.7156038508575,174885.54748237072,6.265565843932563e-11,optimal
volume|spain_huelva|low_investment_large_cavern|2023|flex_ml0p6_b24,volume,spain_huelva,2023,low_investment_large_cavern,flex_ml0p6_b24,30.468745693440656,0.7571152859689545,29.031602088485847,37.87705231779908,58.81027645985802,27.69826875515251,13.691873899995699,170.7593485692977,85.37967428464886,174885.54748237072,5.347828846424818e-10,optimal
volume|spain_huelva|mid_investment_cavern|2015|rigid,volume,spain_huelva,2015,mid_investment_cavern,rigid,30.468745693440656,0.7571152859689545,29.031602088485847,37.87705231779908,58.81027645985802,27.69826875515251,3.5361504000029527,209.84662617832018,104.92331308916009,87582.68217917126,6.848210887255846e-11,optimal
volume|spain_huelva|mid_investment_cavern|2015|flex_ml0p6_b24,volume,spain_huelva,2015,mid_investment_cavern,flex_ml0p6_b24,30.468745693440656,0.7571152859689545,29.031602088485847,37.87705231779908,58.81027645985802,27.69826875515251,14.829050300002564,166.83614971140656,83.41807485570328,87582.68217917126,5.493347998708487e-10,optimal
volume|spain_huelva|mid_investment_cavern|2019|rigid,volume,spain_huelva,2019,mid_investment_cavern,rigid,30.468745693440656,0.7571152859689545,29.031602088485847,37.87705231779908,58.81027645985802,27.69826875515251,2.6475175999948988,177.55300484072126,88.77650242036063,87582.68217917126,3.609557097661309e-12,optimal
volume|spain_huelva|mid_investment_cavern|2019|flex_ml0p6_b24,volume,spain_huelva,2019,mid_investment_cavern,flex_ml0p6_b24,30.468745693440656,0.7571152859689545,29.031602088485847,37.87705231779908,58.81027645985802,27.69826875515251,12.30860340000072,159.79770435664912,79.89885217832456,87582.68217917126,6.530171958729625e-10,optimal
volume|spain_huelva|mid_investment_cavern|2023|rigid,volume,spain_huelva,2023,mid_investment_cavern,rigid,30.468745693440656,0.7571152859689545,29.031602088485847,37.87705231779908,58.81027645985802,27.69826875515251,3.0001189000031445,222.24258816549235,111.12129408274618,87582.68217917126,1.7422507880837657e-11,optimal
volume|spain_huelva|mid_investment_cavern|2023|flex_ml0p6_b24,volume,spain_huelva,2023,mid_investment_cavern,flex_ml0p6_b24,30.468745693440656,0.7571152859689545,29.031602088485847,37.87705231779908,58.81027645985802,27.69826875515251,13.918647099999362,170.7593485692977,85.37967428464886,87582.68217917126,5.347828846424818e-10,optimal
volume|netherlands_sluiskil|low_investment_large_cavern|2015|rigid,volume,netherlands_sluiskil,2015,low_investment_large_cavern,rigid,143.35548063444742,0.7571152859689545,29.031602088485847,60.580852051744216,30.031536924951705,27.69826875515251,1.8967603000055533,346.23281432894447,173.11640716447224,37170.139907564015,4.334310688136611e-11,optimal
volume|netherlands_sluiskil|low_investment_large_cavern|2015|flex_ml0p6_b24,volume,netherlands_sluiskil,2015,low_investment_large_cavern,flex_ml0p6_b24,143.35548063444742,0.7571152859689545,29.031602088485847,60.580852051744216,30.031536924951705,27.69826875515251,10.711590099992463,190.9143333040912,95.4571666520456,37170.139907564015,4.911271389573812e-10,optimal
volume|netherlands_sluiskil|low_investment_large_cavern|2019|rigid,volume,netherlands_sluiskil,2019,low_investment_large_cavern,rigid,143.35548063444742,0.7571152859689545,29.031602088485847,60.580852051744216,30.031536924951705,27.69826875515251,2.386426199998823,223.3755158839681,111.68775794198405,37170.139907564015,1.6120793588925153e-10,optimal
volume|netherlands_sluiskil|low_investment_large_cavern|2019|flex_ml0p6_b24,volume,netherlands_sluiskil,2019,low_investment_large_cavern,flex_ml0p6_b24,143.35548063444742,0.7571152859689545,29.031602088485847,60.580852051744216,30.031536924951705,27.69826875515251,11.335789000004297,168.54871102542464,84.27435551271232,37170.139907564015,4.6202330850064754e-10,optimal
volume|netherlands_sluiskil|low_investment_large_cavern|2023|rigid,volume,netherlands_sluiskil,2023,low_investment_large_cavern,rigid,143.35548063444742,0.7571152859689545,29.031602088485847,60.580852051744216,30.031536924951705,27.69826875515251,1.802612700004829,198.92099001289617,99.46049500644808,37170.139907564015,6.325251433736412e-11,optimal
volume|netherlands_sluiskil|low_investment_large_cavern|2023|flex_ml0p6_b24,volume,netherlands_sluiskil,2023,low_investment_large_cavern,flex_ml0p6_b24,143.35548063444742,0.7571152859689545,29.031602088485847,60.580852051744216,30.031536924951705,27.69826875515251,9.388535999998567,159.79770435664912,79.89885217832456,37170.139907564015,4.2928149923682213e-10,optimal
volume|netherlands_sluiskil|mid_investment_cavern|2015|rigid,volume,netherlands_sluiskil,2015,mid_investment_cavern,rigid,143.35548063444742,0.7571152859689545,29.031602088485847,60.580852051744216,30.031536924951705,27.69826875515251,1.748303100001067,345.1515011679972,172.5757505839986,37229.612131416114,4.3002046368201263e-11,optimal
volume|netherlands_sluiskil|mid_investment_cavern|2015|flex_ml0p6_b24,volume,netherlands_sluiskil,2015,mid_investment_cavern,flex_ml0p6_b24,143.35548063444742,0.7571152859689545,29.031602088485847,60.580852051744216,30.031536924951705,27.69826875515251,8.275295600004029,190.76035835551377,95.38017917775689,37229.612131416114,4.911271389573812e-10,optimal
volume|netherlands_sluiskil|mid_investment_cavern|2019|rigid,volume,netherlands_sluiskil,2019,mid_investment_cavern,rigid,143.35548063444742,0.7571152859689545,29.031602088485847,60.580852051744216,30.031536924951705,27.69826875515251,1.5460987999977078,257.46323304477625,128.73161652238812,18614.806065708057,1.8900436771218665e-11,optimal
volume|netherlands_sluiskil|mid_investment_cavern|2019|flex_ml0p6_b24,volume,netherlands_sluiskil,2019,mid_investment_cavern,flex_ml0p6_b24,143.35548063444742,0.7571152859689545,29.031602088485847,60.580852051744216,30.031536924951705,27.69826875515251,10.271824399998877,188.9376931256039,94.46884656280194,18614.806065708057,4.547473508864641e-10,optimal
volume|netherlands_sluiskil|mid_investment_cavern|2023|rigid,volume,netherlands_sluiskil,2023,mid_investment_cavern,rigid,143.35548063444742,0.7571152859689545,29.031602088485847,60.580852051744216,30.031536924951705,27.69826875515251,1.2184051999938674,326.92288576962466,163.46144288481233,18614.806065708057,1.6058265828178264e-11,optimal
volume|netherlands_sluiskil|mid_investment_cavern|2023|flex_ml0p6_b24,volume,netherlands_sluiskil,2023,mid_investment_cavern,flex_ml0p6_b24,143.35548063444742,0.7571152859689545,29.031602088485847,60.580852051744216,30.031536924951705,27.69826875515251,9.134725900003104,244.1062152428341,122.05310762141706,18614.806065708057,6.366462912410498e-10,optimal
