case_key,block,site_id,weather_year,factor_level,process_case,service_scale_tph,grid_critical_sufficient_mw,grid_connection_mw,pv_capacity_mw,wind_capacity_mw,electrolyser_mw,elapsed_seconds,bundled_working_gas_allowance_kg_per_normalized_tph,maximum_service_tph_per_reference_module,max_primal_residual,status
wind|spain_sabinanigo|0.25|2015|rigid,wind,spain_sabinanigo,2015,0.25,rigid,0.6853699706521995,0.7571152859689545,29.031602088485847,60.88628634191879,124.56213323716284,27.69826875515251,2.3731841999979224,113316.76766872144,11.73704852316452,9.632117325963918e-11,optimal
wind|spain_sabinanigo|0.25|2015|flex_ml0p6_b24,wind,spain_sabinanigo,2015,0.25,flex_ml0p6_b24,0.6853699706521995,0.7571152859689545,29.031602088485847,60.88628634191879,124.56213323716284,27.69826875515251,17.07854149999912,96192.98232818146,13.82641819003355,7.350242636761094e-10,optimal
wind|spain_sabinanigo|0.25|2019|rigid,wind,spain_sabinanigo,2019,0.25,rigid,0.6853699706521995,0.7571152859689545,29.031602088485847,60.88628634191879,124.56213323716283,27.69826875515251,2.5152269000100205,104168.00582227707,12.767878103427348,1.0345502232667059e-10,optimal
wind|spain_sabinanigo|0.25|2019|flex_ml0p6_b24,wind,spain_sabinanigo,2019,0.25,flex_ml0p6_b24,0.6853699706521995,0.7571152859689545,29.031602088485847,60.88628634191879,124.56213323716283,27.69826875515251,30.370905800009496,86046.9068076977,15.456736911976513,7.438378801793988e-10,optimal
wind|spain_sabinanigo|0.25|2023|rigid,wind,spain_sabinanigo,2023,0.25,rigid,0.6853699706521995,0.7571152859689545,29.031602088485847,60.88628634191879,124.56213323716283,27.69826875515251,2.3820870999916224,109037.65410180969,12.197661547029469,1.1951328815484885e-10,optimal
wind|spain_sabinanigo|0.25|2023|flex_ml0p6_b24,wind,spain_sabinanigo,2023,0.25,flex_ml0p6_b24,0.6853699706521995,0.7571152859689545,29.031602088485847,60.88628634191879,124.56213323716283,27.69826875515251,24.592852899993886,90276.65665876045,14.732539394356055,7.610676533431615e-10,optimal
wind|spain_sabinanigo|0.75|2015|rigid,wind,spain_sabinanigo,2015,0.75,rigid,0.6853699706521995,0.7571152859689545,29.031602088485847,20.295428780639597,373.6863997114885,27.69826875515251,2.349523200013209,191413.85776034353,6.9483182470579195,1.4551915228366852e-11,optimal
wind|spain_sabinanigo|0.75|2015|flex_ml0p6_b24,wind,spain_sabinanigo,2015,0.75,flex_ml0p6_b24,0.6853699706521995,0.7571152859689545,29.031602088485847,20.295428780639597,373.6863997114885,27.69826875515251,11.371768099998008,187152.58564416564,7.106524315644186,1.3058070180704817e-09,optimal
wind|spain_sabinanigo|0.75|2019|rigid,wind,spain_sabinanigo,2019,0.75,rigid,0.6853699706521995,0.7571152859689545,29.031602088485847,20.295428780639597,373.6863997114885,27.69826875515251,2.3301983999990625,118125.10530234195,11.259286476077964,1.5172645362326875e-09,optimal
wind|spain_sabinanigo|0.75|2019|flex_ml0p6_b24,wind,spain_sabinanigo,2019,0.75,flex_ml0p6_b24,0.6853699706521995,0.7571152859689545,29.031602088485847,20.295428780639597,373.6863997114885,27.69826875515251,20.015318300007493,93255.91679122536,14.26187684791585,7.093530207669119e-10,optimal
wind|spain_sabinanigo|0.75|2023|rigid,wind,spain_sabinanigo,2023,0.75,rigid,0.6853699706521995,0.7571152859689545,29.031602088485847,20.295428780639597,373.6863997114885,27.69826875515251,2.1155622999940533,131990.86033503688,10.076488608680545,6.815525921410881e-11,optimal
wind|spain_sabinanigo|0.75|2023|flex_ml0p6_b24,wind,spain_sabinanigo,2023,0.75,flex_ml0p6_b24,0.6853699706521995,0.7571152859689545,29.031602088485847,20.295428780639597,373.6863997114885,27.69826875515251,16.690535100002307,108088.47444479557,12.304775393006606,5.1769859510386596e-09,optimal
wind|spain_huelva|0.25|2015|rigid,wind,spain_huelva,2015,0.25,rigid,30.468745693440656,0.7571152859689545,29.031602088485847,56.81557847669862,29.40513822992901,27.69826875515251,2.429863400000613,90070.94776910938,14.766186362614036,8.023448572203051e-11,optimal
wind|spain_huelva|0.25|2015|flex_ml0p6_b24,wind,spain_huelva,2015,0.25,flex_ml0p6_b24,30.468745693440656,0.7571152859689545,29.031602088485847,56.81557847669862,29.40513822992901,27.69826875515251,23.37211969999771,73448.01100112835,18.108106434570594,7.250466893538032e-10,optimal
wind|spain_huelva|0.25|2019|rigid,wind,spain_huelva,2019,0.25,rigid,30.468745693440656,0.7571152859689545,29.031602088485847,56.81557847669862,29.40513822992901,27.69826875515251,2.7680774000036763,79065.2498966238,16.82160497000765,8.841993803798687e-11,optimal
wind|spain_huelva|0.25|2019|flex_ml0p6_b24,wind,spain_huelva,2019,0.25,flex_ml0p6_b24,30.468745693440656,0.7571152859689545,29.031602088485847,56.81557847669862,29.40513822992901,27.69826875515251,29.71374599999399,63174.21598081249,21.05296250957666,7.123452938628816e-10,optimal
wind|spain_huelva|0.25|2023|rigid,wind,spain_huelva,2023,0.25,rigid,30.468745693440656,0.7571152859689545,29.031602088485847,56.81557847669862,29.40513822992901,27.69826875515251,2.3307969000015873,92867.78402938045,14.321483111895644,7.653966349607799e-11,optimal
wind|spain_huelva|0.25|2023|flex_ml0p6_b24,wind,spain_huelva,2023,0.25,flex_ml0p6_b24,30.468745693440656,0.7571152859689545,29.031602088485847,56.81557847669862,29.40513822992901,27.69826875515251,24.123344400009955,74690.90261932995,17.806779058414268,7.506910648658049e-10,optimal
wind|spain_huelva|0.75|2015|rigid,wind,spain_huelva,2015,0.75,rigid,30.468745693440656,0.7571152859689545,29.031602088485847,18.93852615889954,88.21541468978702,27.69826875515251,2.212183299998287,70761.81197492793,18.795510791713284,2.6830093702301383e-11,optimal
wind|spain_huelva|0.75|2015|flex_ml0p6_b24,wind,spain_huelva,2015,0.75,flex_ml0p6_b24,30.468745693440656,0.7571152859689545,29.031602088485847,18.93852615889954,88.21541468978702,27.69826875515251,29.52158440000494,53470.72711807344,24.87350504284417,9.259508715331322e-10,optimal
wind|spain_huelva|0.75|2019|rigid,wind,spain_huelva,2019,0.75,rigid,30.468745693440656,0.7571152859689545,29.031602088485847,18.93852615889954,88.21541468978702,27.69826875515251,1.2165846999996575,47482.74643740431,28.010266894929213,3.467448550509289e-12,optimal
wind|spain_huelva|0.75|2019|flex_ml0p6_b24,wind,spain_huelva,2019,0.75,flex_ml0p6_b24,30.468745693440656,0.7571152859689545,29.031602088485847,18.93852615889954,88.21541468978702,27.69826875515251,26.154811699991114,42734.47179366388,31.12251877214357,7.312337402254343e-10,optimal
wind|spain_huelva|0.75|2023|rigid,wind,spain_huelva,2023,0.75,rigid,30.468745693440656,0.7571152859689545,29.031602088485847,18.93852615889954,88.21541468978702,27.69826875515251,2.013151699997252,80271.03663726104,16.5689202025151,3.134914550173562e-11,optimal
wind|spain_huelva|0.75|2023|flex_ml0p6_b24,wind,spain_huelva,2023,0.75,flex_ml0p6_b24,30.468745693440656,0.7571152859689545,29.031602088485847,18.93852615889954,88.21541468978702,27.69826875515251,25.86622740000894,62657.173073769954,21.226690183581248,7.112248567864299e-10,optimal
wind|netherlands_sluiskil|0.25|2015|rigid,wind,netherlands_sluiskil,2015,0.25,rigid,143.35548063444742,0.7571152859689545,29.031602088485847,90.87127807761632,15.015768462475853,27.69826875515251,2.4306582999997772,90680.01800940312,14.667006357211227,8.713527677173261e-10,optimal
wind|netherlands_sluiskil|0.25|2015|flex_ml0p6_b24,wind,netherlands_sluiskil,2015,0.25,flex_ml0p6_b24,143.35548063444742,0.7571152859689545,29.031602088485847,90.87127807761632,15.015768462475853,27.69826875515251,20.773287300005904,67918.31118571958,19.582412716051003,6.816378572693793e-10,optimal
wind|netherlands_sluiskil|0.25|2019|rigid,wind,netherlands_sluiskil,2019,0.25,rigid,143.35548063444742,0.7571152859689545,29.031602088485847,90.87127807761632,15.015768462475853,27.69826875515251,2.3895741000014823,100291.3870512331,13.261401997925518,6.565414878423326e-11,optimal
wind|netherlands_sluiskil|0.25|2019|flex_ml0p6_b24,wind,netherlands_sluiskil,2019,0.25,flex_ml0p6_b24,143.35548063444742,0.7571152859689545,29.031602088485847,90.87127807761632,15.015768462475853,27.69826875515251,22.6257709999918,77380.78768079077,17.187785760238626,2.1510970782401273e-09,optimal
wind|netherlands_sluiskil|0.25|2023|rigid,wind,netherlands_sluiskil,2023,0.25,rigid,143.35548063444742,0.7571152859689545,29.031602088485847,90.87127807761632,15.015768462475853,27.69826875515251,2.2221619000047212,86868.24057496655,15.310594433740851,2.617639438540209e-10,optimal
wind|netherlands_sluiskil|0.25|2023|flex_ml0p6_b24,wind,netherlands_sluiskil,2023,0.25,flex_ml0p6_b24,143.35548063444742,0.7571152859689545,29.031602088485847,90.87127807761632,15.015768462475853,27.69826875515251,26.202536299999338,64871.616802466444,20.50210039724764,1.2709563179669203e-08,optimal
wind|netherlands_sluiskil|0.75|2015|rigid,wind,netherlands_sluiskil,2015,0.75,rigid,143.35548063444742,0.7571152859689545,29.031602088485847,30.290426025872108,45.047305387427556,27.69826875515251,1.765836099992157,50219.80220960515,26.48366465213924,1.3726264569413615e-10,optimal
wind|netherlands_sluiskil|0.75|2015|flex_ml0p6_b24,wind,netherlands_sluiskil,2015,0.75,flex_ml0p6_b24,143.35548063444742,0.7571152859689545,29.031602088485847,30.290426025872108,45.047305387427556,27.69826875515251,21.23735480000323,42734.47179366388,31.12251877214357,4.6202330850064754e-10,optimal
wind|netherlands_sluiskil|0.75|2019|rigid,wind,netherlands_sluiskil,2019,0.75,rigid,143.35548063444742,0.7571152859689545,29.031602088485847,30.290426025872108,45.047305387427556,27.69826875515251,2.1610267000069143,51353.2104137545,25.899148074678386,1.9349499780219048e-10,optimal
wind|netherlands_sluiskil|0.75|2019|flex_ml0p6_b24,wind,netherlands_sluiskil,2019,0.75,flex_ml0p6_b24,143.35548063444742,0.7571152859689545,29.031602088485847,30.290426025872108,45.047305387427556,27.69826875515251,38.095438899996225,42734.47179366388,31.12251877214357,4.3948489292233717e-10,optimal
wind|netherlands_sluiskil|0.75|2023|rigid,wind,netherlands_sluiskil,2023,0.75,rigid,143.35548063444742,0.7571152859689545,29.031602088485847,30.290426025872108,45.047305387427556,27.69826875515251,1.4080295999883674,47482.74643740431,28.010266894929213,3.637978807091713e-12,optimal
wind|netherlands_sluiskil|0.75|2023|flex_ml0p6_b24,wind,netherlands_sluiskil,2023,0.75,flex_ml0p6_b24,143.35548063444742,0.7571152859689545,29.031602088485847,30.290426025872108,45.047305387427556,27.69826875515251,27.306415099999867,42734.47179366388,31.12251877214357,5.111360223963857e-10,optimal
