scenario,site_id,country,city_cluster,scale_anchor,nh3_equivalent_service_tph,weather_year,wtir,product_buffer_cap_hours,cavern_id,withdrawal_rate_million_sm3_day,ramp_fraction_nameplate_per_hour,renewable_overbuild,minimum_load_fraction_lower_feasible,minimum_load_fraction_upper_infeasible,feasible_at_40pct_minimum_load,feasible_at_66p7pct_minimum_load,status_at_40pct,status_at_66p7pct,threshold_classification,solver_calls,interpretation,evaluation_backend,maximum_checked_feasible_primal_residual,source_partition
central_wtir2_buffer24,spain_sabinanigo,Spain,Sabiñánigo,low,0.6853699706521995,2015,2.0,24.0,high_investment_small_cavern,1.4,0.6,1.5,0.6666666666666666,,True,True,optimal,optimal,feasible_at_upper_test_bound,2,Conditional one-reference-cavern scenario threshold; not a measured plant operating limit or geological feasibility result.,preserved_compact_checkpoint,,cyclic_expanded_witness_threshold_v3_low
wtir_1_buffer24,spain_sabinanigo,Spain,Sabiñánigo,low,0.6853699706521995,2015,1.0,24.0,high_investment_small_cavern,1.4,0.6,1.5,0.6666666666666666,,True,True,optimal,optimal,feasible_at_upper_test_bound,2,Conditional one-reference-cavern scenario threshold; not a measured plant operating limit or geological feasibility result.,preserved_compact_checkpoint,,cyclic_expanded_witness_threshold_v3_low
wtir_5_buffer24,spain_sabinanigo,Spain,Sabiñánigo,low,0.6853699706521995,2015,5.0,24.0,high_investment_small_cavern,1.4,0.6,1.5,0.6666666666666666,,True,True,optimal,optimal,feasible_at_upper_test_bound,2,Conditional one-reference-cavern scenario threshold; not a measured plant operating limit or geological feasibility result.,preserved_compact_checkpoint,,cyclic_expanded_witness_threshold_v3_low
wtir_2_buffer0,spain_sabinanigo,Spain,Sabiñánigo,low,0.6853699706521995,2015,2.0,0.0,high_investment_small_cavern,1.4,0.6,1.5,0.6666666666666666,,True,True,optimal,optimal,feasible_at_upper_test_bound,2,Conditional one-reference-cavern scenario threshold; not a measured plant operating limit or geological feasibility result.,preserved_compact_checkpoint,,cyclic_expanded_witness_threshold_v3_low
wtir_2_buffer48,spain_sabinanigo,Spain,Sabiñánigo,low,0.6853699706521995,2015,2.0,48.0,high_investment_small_cavern,1.4,0.6,1.5,0.6666666666666666,,True,True,optimal,optimal,feasible_at_upper_test_bound,2,Conditional one-reference-cavern scenario threshold; not a measured plant operating limit or geological feasibility result.,preserved_compact_checkpoint,,cyclic_expanded_witness_threshold_v3_low
exact_table14_rate,spain_sabinanigo,Spain,Sabiñánigo,low,0.6853699706521995,2015,2.0,24.0,high_investment_small_cavern,1.3625,0.6,1.5,0.6666666666666666,,True,True,optimal,optimal,feasible_at_upper_test_bound,2,Conditional one-reference-cavern scenario threshold; not a measured plant operating limit or geological feasibility result.,preserved_compact_checkpoint,,cyclic_expanded_witness_threshold_v3_low
mid_cavern,spain_sabinanigo,Spain,Sabiñánigo,low,0.6853699706521995,2015,2.0,24.0,mid_investment_cavern,2.8,0.6,1.5,0.6666666666666666,,True,True,optimal,optimal,feasible_at_upper_test_bound,2,Conditional one-reference-cavern scenario threshold; not a measured plant operating limit or geological feasibility result.,preserved_compact_checkpoint,,cyclic_expanded_witness_threshold_v3_low
large_cavern,spain_sabinanigo,Spain,Sabiñánigo,low,0.6853699706521995,2015,2.0,24.0,low_investment_large_cavern,5.9,0.6,1.5,0.6666666666666666,,True,True,optimal,optimal,feasible_at_upper_test_bound,2,Conditional one-reference-cavern scenario threshold; not a measured plant operating limit or geological feasibility result.,preserved_compact_checkpoint,,cyclic_expanded_witness_threshold_v3_low
slow_ramp,spain_sabinanigo,Spain,Sabiñánigo,low,0.6853699706521995,2015,2.0,24.0,high_investment_small_cavern,1.4,0.03,1.5,0.6666666666666666,,True,True,feasible_constructive_rigid_witness,feasible_constructive_rigid_witness,feasible_at_upper_test_bound,2,"Conditional one-reference-unit feasibility, not factory availability.",checked_constructive_rigid_witness,2.255717390653444e-09,cyclic_expanded_witness_threshold_v3_low
overbuild2,spain_sabinanigo,Spain,Sabiñánigo,low,0.6853699706521995,2015,2.0,24.0,high_investment_small_cavern,1.4,0.6,2.0,0.6666666666666666,,True,True,feasible_constructive_rigid_witness,feasible_constructive_rigid_witness,feasible_at_upper_test_bound,2,"Conditional one-reference-unit feasibility, not factory availability.",checked_constructive_rigid_witness,5.30292254552478e-10,cyclic_expanded_witness_threshold_v3_low
central_wtir2_buffer24,spain_sabinanigo,Spain,Sabiñánigo,low,0.6853699706521995,2019,2.0,24.0,high_investment_small_cavern,1.4,0.6,1.5,0.6666666666666666,,True,True,feasible_constructive_rigid_witness,feasible_constructive_rigid_witness,feasible_at_upper_test_bound,2,"Conditional one-reference-unit feasibility, not factory availability.",checked_constructive_rigid_witness,7.400956292258343e-09,cyclic_expanded_witness_threshold_v3_low
wtir_1_buffer24,spain_sabinanigo,Spain,Sabiñánigo,low,0.6853699706521995,2019,1.0,24.0,high_investment_small_cavern,1.4,0.6,1.5,0.6666666666666666,,True,True,feasible_constructive_rigid_witness,feasible_constructive_rigid_witness,feasible_at_upper_test_bound,2,"Conditional one-reference-unit feasibility, not factory availability.",checked_constructive_rigid_witness,7.400956292258343e-09,cyclic_expanded_witness_threshold_v3_low
wtir_5_buffer24,spain_sabinanigo,Spain,Sabiñánigo,low,0.6853699706521995,2019,5.0,24.0,high_investment_small_cavern,1.4,0.6,1.5,0.6666666666666666,,True,True,feasible_constructive_rigid_witness,feasible_constructive_rigid_witness,feasible_at_upper_test_bound,2,"Conditional one-reference-unit feasibility, not factory availability.",checked_constructive_rigid_witness,7.400956292258343e-09,cyclic_expanded_witness_threshold_v3_low
wtir_2_buffer0,spain_sabinanigo,Spain,Sabiñánigo,low,0.6853699706521995,2019,2.0,0.0,high_investment_small_cavern,1.4,0.6,1.5,0.6666666666666666,,True,True,feasible_constructive_rigid_witness,feasible_constructive_rigid_witness,feasible_at_upper_test_bound,2,"Conditional one-reference-unit feasibility, not factory availability.",checked_constructive_rigid_witness,7.400956292258343e-09,cyclic_expanded_witness_threshold_v3_low
wtir_2_buffer48,spain_sabinanigo,Spain,Sabiñánigo,low,0.6853699706521995,2019,2.0,48.0,high_investment_small_cavern,1.4,0.6,1.5,0.6666666666666666,,True,True,feasible_constructive_rigid_witness,feasible_constructive_rigid_witness,feasible_at_upper_test_bound,2,"Conditional one-reference-unit feasibility, not factory availability.",checked_constructive_rigid_witness,7.400956292258343e-09,cyclic_expanded_witness_threshold_v3_low
exact_table14_rate,spain_sabinanigo,Spain,Sabiñánigo,low,0.6853699706521995,2019,2.0,24.0,high_investment_small_cavern,1.3625,0.6,1.5,0.6666666666666666,,True,True,feasible_constructive_rigid_witness,feasible_constructive_rigid_witness,feasible_at_upper_test_bound,2,"Conditional one-reference-unit feasibility, not factory availability.",checked_constructive_rigid_witness,7.400956292258343e-09,cyclic_expanded_witness_threshold_v3_low
mid_cavern,spain_sabinanigo,Spain,Sabiñánigo,low,0.6853699706521995,2019,2.0,24.0,mid_investment_cavern,2.8,0.6,1.5,0.6666666666666666,,True,True,feasible_constructive_rigid_witness,feasible_constructive_rigid_witness,feasible_at_upper_test_bound,2,"Conditional one-reference-unit feasibility, not factory availability.",checked_constructive_rigid_witness,7.400956292258343e-09,cyclic_expanded_witness_threshold_v3_low
large_cavern,spain_sabinanigo,Spain,Sabiñánigo,low,0.6853699706521995,2019,2.0,24.0,low_investment_large_cavern,5.9,0.6,1.5,0.6666666666666666,,True,True,feasible_constructive_rigid_witness,feasible_constructive_rigid_witness,feasible_at_upper_test_bound,2,"Conditional one-reference-unit feasibility, not factory availability.",checked_constructive_rigid_witness,7.400956292258343e-09,cyclic_expanded_witness_threshold_v3_low
slow_ramp,spain_sabinanigo,Spain,Sabiñánigo,low,0.6853699706521995,2019,2.0,24.0,high_investment_small_cavern,1.4,0.03,1.5,0.6666666666666666,,True,True,feasible_constructive_rigid_witness,feasible_constructive_rigid_witness,feasible_at_upper_test_bound,2,"Conditional one-reference-unit feasibility, not factory availability.",checked_constructive_rigid_witness,7.400956292258343e-09,cyclic_expanded_witness_threshold_v3_low
overbuild2,spain_sabinanigo,Spain,Sabiñánigo,low,0.6853699706521995,2019,2.0,24.0,high_investment_small_cavern,1.4,0.6,2.0,0.6666666666666666,,True,True,feasible_constructive_rigid_witness,feasible_constructive_rigid_witness,feasible_at_upper_test_bound,2,"Conditional one-reference-unit feasibility, not factory availability.",checked_constructive_rigid_witness,1.3911289897805543e-09,cyclic_expanded_witness_threshold_v3_low
central_wtir2_buffer24,spain_sabinanigo,Spain,Sabiñánigo,low,0.6853699706521995,2023,2.0,24.0,high_investment_small_cavern,1.4,0.6,1.5,0.6666666666666666,,True,True,feasible_constructive_rigid_witness,feasible_constructive_rigid_witness,feasible_at_upper_test_bound,2,"Conditional one-reference-unit feasibility, not factory availability.",checked_constructive_rigid_witness,1.6202079677896106e-09,cyclic_expanded_witness_threshold_v3_low
wtir_1_buffer24,spain_sabinanigo,Spain,Sabiñánigo,low,0.6853699706521995,2023,1.0,24.0,high_investment_small_cavern,1.4,0.6,1.5,0.6666666666666666,,True,True,feasible_constructive_rigid_witness,feasible_constructive_rigid_witness,feasible_at_upper_test_bound,2,"Conditional one-reference-unit feasibility, not factory availability.",checked_constructive_rigid_witness,1.6202079677896106e-09,cyclic_expanded_witness_threshold_v3_low
wtir_5_buffer24,spain_sabinanigo,Spain,Sabiñánigo,low,0.6853699706521995,2023,5.0,24.0,high_investment_small_cavern,1.4,0.6,1.5,0.6666666666666666,,True,True,feasible_constructive_rigid_witness,feasible_constructive_rigid_witness,feasible_at_upper_test_bound,2,"Conditional one-reference-unit feasibility, not factory availability.",checked_constructive_rigid_witness,1.6202079677896106e-09,cyclic_expanded_witness_threshold_v3_low
wtir_2_buffer0,spain_sabinanigo,Spain,Sabiñánigo,low,0.6853699706521995,2023,2.0,0.0,high_investment_small_cavern,1.4,0.6,1.5,0.6666666666666666,,True,True,feasible_constructive_rigid_witness,feasible_constructive_rigid_witness,feasible_at_upper_test_bound,2,"Conditional one-reference-unit feasibility, not factory availability.",checked_constructive_rigid_witness,1.6202079677896106e-09,cyclic_expanded_witness_threshold_v3_low
wtir_2_buffer48,spain_sabinanigo,Spain,Sabiñánigo,low,0.6853699706521995,2023,2.0,48.0,high_investment_small_cavern,1.4,0.6,1.5,0.6666666666666666,,True,True,feasible_constructive_rigid_witness,feasible_constructive_rigid_witness,feasible_at_upper_test_bound,2,"Conditional one-reference-unit feasibility, not factory availability.",checked_constructive_rigid_witness,1.6202079677896106e-09,cyclic_expanded_witness_threshold_v3_low
exact_table14_rate,spain_sabinanigo,Spain,Sabiñánigo,low,0.6853699706521995,2023,2.0,24.0,high_investment_small_cavern,1.3625,0.6,1.5,0.6666666666666666,,True,True,feasible_constructive_rigid_witness,feasible_constructive_rigid_witness,feasible_at_upper_test_bound,2,"Conditional one-reference-unit feasibility, not factory availability.",checked_constructive_rigid_witness,1.6202079677896106e-09,cyclic_expanded_witness_threshold_v3_low
mid_cavern,spain_sabinanigo,Spain,Sabiñánigo,low,0.6853699706521995,2023,2.0,24.0,mid_investment_cavern,2.8,0.6,1.5,0.6666666666666666,,True,True,feasible_constructive_rigid_witness,feasible_constructive_rigid_witness,feasible_at_upper_test_bound,2,"Conditional one-reference-unit feasibility, not factory availability.",checked_constructive_rigid_witness,1.6202079677896106e-09,cyclic_expanded_witness_threshold_v3_low
large_cavern,spain_sabinanigo,Spain,Sabiñánigo,low,0.6853699706521995,2023,2.0,24.0,low_investment_large_cavern,5.9,0.6,1.5,0.6666666666666666,,True,True,feasible_constructive_rigid_witness,feasible_constructive_rigid_witness,feasible_at_upper_test_bound,2,"Conditional one-reference-unit feasibility, not factory availability.",checked_constructive_rigid_witness,1.6202079677896106e-09,cyclic_expanded_witness_threshold_v3_low
slow_ramp,spain_sabinanigo,Spain,Sabiñánigo,low,0.6853699706521995,2023,2.0,24.0,high_investment_small_cavern,1.4,0.03,1.5,0.6666666666666666,,True,True,feasible_constructive_rigid_witness,feasible_constructive_rigid_witness,feasible_at_upper_test_bound,2,"Conditional one-reference-unit feasibility, not factory availability.",checked_constructive_rigid_witness,1.6202079677896106e-09,cyclic_expanded_witness_threshold_v3_low
overbuild2,spain_sabinanigo,Spain,Sabiñánigo,low,0.6853699706521995,2023,2.0,24.0,high_investment_small_cavern,1.4,0.6,2.0,0.6666666666666666,,True,True,feasible_constructive_rigid_witness,feasible_constructive_rigid_witness,feasible_at_upper_test_bound,2,"Conditional one-reference-unit feasibility, not factory availability.",checked_constructive_rigid_witness,1.9150547814206218e-10,cyclic_expanded_witness_threshold_v3_low
central_wtir2_buffer24,spain_huelva,Spain,Huelva,median,30.468745693440656,2015,2.0,24.0,high_investment_small_cavern,1.4,0.6,1.5,0.5333333333333333,0.55,True,False,optimal,infeasible,crossing_bracketed,6,Conditional one-reference-cavern scenario threshold; not a measured plant operating limit or geological feasibility result.,preserved_compact_checkpoint,,cyclic_expanded_witness_threshold_v3_median
wtir_1_buffer24,spain_huelva,Spain,Huelva,median,30.468745693440656,2015,1.0,24.0,high_investment_small_cavern,1.4,0.6,1.5,0.6,0.6166666666666667,True,False,optimal,infeasible,crossing_bracketed,6,Conditional one-reference-cavern scenario threshold; not a measured plant operating limit or geological feasibility result.,preserved_compact_checkpoint,,cyclic_expanded_witness_threshold_v3_median
wtir_5_buffer24,spain_huelva,Spain,Huelva,median,30.468745693440656,2015,5.0,24.0,high_investment_small_cavern,1.4,0.6,1.5,,,False,False,infeasible,infeasible,infeasible_at_lower_test_bound,2,Conditional one-reference-cavern scenario threshold; not a measured plant operating limit or geological feasibility result.,preserved_compact_checkpoint,,cyclic_expanded_witness_threshold_v3_median
wtir_2_buffer0,spain_huelva,Spain,Huelva,median,30.468745693440656,2015,2.0,0.0,high_investment_small_cavern,1.4,0.6,1.5,,,False,False,infeasible,infeasible,infeasible_at_lower_test_bound,2,Conditional one-reference-cavern scenario threshold; not a measured plant operating limit or geological feasibility result.,preserved_compact_checkpoint,,cyclic_expanded_witness_threshold_v3_median
wtir_2_buffer48,spain_huelva,Spain,Huelva,median,30.468745693440656,2015,2.0,48.0,high_investment_small_cavern,1.4,0.6,1.5,0.5333333333333333,0.55,True,False,optimal,infeasible,crossing_bracketed,6,Conditional one-reference-cavern scenario threshold; not a measured plant operating limit or geological feasibility result.,preserved_compact_checkpoint,,cyclic_expanded_witness_threshold_v3_median
exact_table14_rate,spain_huelva,Spain,Huelva,median,30.468745693440656,2015,2.0,24.0,high_investment_small_cavern,1.3625,0.6,1.5,0.5166666666666666,0.5333333333333333,True,False,optimal,infeasible,crossing_bracketed,6,Conditional one-reference-cavern scenario threshold; not a measured plant operating limit or geological feasibility result.,preserved_compact_checkpoint,,cyclic_expanded_witness_threshold_v3_median
mid_cavern,spain_huelva,Spain,Huelva,median,30.468745693440656,2015,2.0,24.0,mid_investment_cavern,2.8,0.6,1.5,0.6666666666666666,,True,True,optimal,optimal,feasible_at_upper_test_bound,2,"Conditional one-reference-unit feasibility, not factory availability.",expanded_highs_ds,4.879989745631974e-10,cyclic_expanded_witness_threshold_v3_median
large_cavern,spain_huelva,Spain,Huelva,median,30.468745693440656,2015,2.0,24.0,low_investment_large_cavern,5.9,0.6,1.5,0.6666666666666666,,True,True,feasible_constructive_rigid_witness,feasible_constructive_rigid_witness,feasible_at_upper_test_bound,2,"Conditional one-reference-unit feasibility, not factory availability.",checked_constructive_rigid_witness,7.26430471331696e-10,cyclic_expanded_witness_threshold_v3_median
slow_ramp,spain_huelva,Spain,Huelva,median,30.468745693440656,2015,2.0,24.0,high_investment_small_cavern,1.4,0.03,1.5,,,False,False,infeasible,infeasible,infeasible_at_lower_test_bound,2,"Conditional one-reference-unit feasibility, not factory availability.",expanded_highs_ds,,cyclic_expanded_witness_threshold_v3_median
overbuild2,spain_huelva,Spain,Huelva,median,30.468745693440656,2015,2.0,24.0,high_investment_small_cavern,1.4,0.6,2.0,0.6,0.6166666666666667,True,False,optimal,infeasible,crossing_bracketed,6,"Conditional one-reference-unit feasibility, not factory availability.",expanded_highs_ds,8.994287536978617e-10,cyclic_expanded_witness_threshold_v3_median
central_wtir2_buffer24,spain_huelva,Spain,Huelva,median,30.468745693440656,2019,2.0,24.0,high_investment_small_cavern,1.4,0.6,1.5,0.6,0.6166666666666667,True,False,optimal,infeasible,crossing_bracketed,6,"Conditional one-reference-unit feasibility, not factory availability.",expanded_highs_ds,8.821023911309566e-10,cyclic_expanded_witness_threshold_v3_median
wtir_1_buffer24,spain_huelva,Spain,Huelva,median,30.468745693440656,2019,1.0,24.0,high_investment_small_cavern,1.4,0.6,1.5,0.6,0.6166666666666667,True,False,optimal,infeasible,crossing_bracketed,6,"Conditional one-reference-unit feasibility, not factory availability.",expanded_highs_ds,7.083005293395671e-10,cyclic_expanded_witness_threshold_v3_median
wtir_5_buffer24,spain_huelva,Spain,Huelva,median,30.468745693440656,2019,5.0,24.0,high_investment_small_cavern,1.4,0.6,1.5,0.4166666666666667,0.4333333333333333,True,False,optimal,infeasible,crossing_bracketed,6,"Conditional one-reference-unit feasibility, not factory availability.",expanded_highs_ds,4.1291414731858817e-10,cyclic_expanded_witness_threshold_v3_median
wtir_2_buffer0,spain_huelva,Spain,Huelva,median,30.468745693440656,2019,2.0,0.0,high_investment_small_cavern,1.4,0.6,1.5,,,False,False,infeasible,infeasible,infeasible_at_lower_test_bound,2,"Conditional one-reference-unit feasibility, not factory availability.",expanded_highs_ds,,cyclic_expanded_witness_threshold_v3_median
wtir_2_buffer48,spain_huelva,Spain,Huelva,median,30.468745693440656,2019,2.0,48.0,high_investment_small_cavern,1.4,0.6,1.5,0.6,0.6166666666666667,True,False,optimal,infeasible,crossing_bracketed,6,"Conditional one-reference-unit feasibility, not factory availability.",expanded_highs_ds,8.808411777749824e-10,cyclic_expanded_witness_threshold_v3_median
exact_table14_rate,spain_huelva,Spain,Huelva,median,30.468745693440656,2019,2.0,24.0,high_investment_small_cavern,1.3625,0.6,1.5,0.5833333333333333,0.6,True,False,optimal,infeasible,crossing_bracketed,6,"Conditional one-reference-unit feasibility, not factory availability.",expanded_highs_ds,8.359286596260063e-10,cyclic_expanded_witness_threshold_v3_median
mid_cavern,spain_huelva,Spain,Huelva,median,30.468745693440656,2019,2.0,24.0,mid_investment_cavern,2.8,0.6,1.5,0.6666666666666666,,True,True,optimal,optimal,feasible_at_upper_test_bound,2,"Conditional one-reference-unit feasibility, not factory availability.",expanded_highs_ds,5.032383398884122e-10,cyclic_expanded_witness_threshold_v3_median
large_cavern,spain_huelva,Spain,Huelva,median,30.468745693440656,2019,2.0,24.0,low_investment_large_cavern,5.9,0.6,1.5,0.6666666666666666,,True,True,feasible_constructive_rigid_witness,feasible_constructive_rigid_witness,feasible_at_upper_test_bound,2,"Conditional one-reference-unit feasibility, not factory availability.",checked_constructive_rigid_witness,8.09450284577906e-11,cyclic_expanded_witness_threshold_v3_median
slow_ramp,spain_huelva,Spain,Huelva,median,30.468745693440656,2019,2.0,24.0,high_investment_small_cavern,1.4,0.03,1.5,0.6,0.6166666666666667,True,False,optimal,infeasible,crossing_bracketed,6,"Conditional one-reference-unit feasibility, not factory availability.",expanded_highs_ds,8.058123057708143e-10,cyclic_expanded_witness_threshold_v3_median
overbuild2,spain_huelva,Spain,Huelva,median,30.468745693440656,2019,2.0,24.0,high_investment_small_cavern,1.4,0.6,2.0,0.6,0.6166666666666667,True,False,optimal,infeasible,crossing_bracketed,6,"Conditional one-reference-unit feasibility, not factory availability.",expanded_highs_ds,8.463556522286807e-10,cyclic_expanded_witness_threshold_v3_median
central_wtir2_buffer24,spain_huelva,Spain,Huelva,median,30.468745693440656,2023,2.0,24.0,high_investment_small_cavern,1.4,0.6,1.5,0.5166666666666666,0.5333333333333333,True,False,optimal,infeasible,crossing_bracketed,6,"Conditional one-reference-unit feasibility, not factory availability.",expanded_highs_ds,6.843290378810706e-10,cyclic_expanded_witness_threshold_v3_median
wtir_1_buffer24,spain_huelva,Spain,Huelva,median,30.468745693440656,2023,1.0,24.0,high_investment_small_cavern,1.4,0.6,1.5,0.6,0.6166666666666667,True,False,optimal,infeasible,crossing_bracketed,6,"Conditional one-reference-unit feasibility, not factory availability.",expanded_highs_ds,8.439258181169861e-10,cyclic_expanded_witness_threshold_v3_median
wtir_5_buffer24,spain_huelva,Spain,Huelva,median,30.468745693440656,2023,5.0,24.0,high_investment_small_cavern,1.4,0.6,1.5,,,False,False,infeasible,infeasible,infeasible_at_lower_test_bound,2,"Conditional one-reference-unit feasibility, not factory availability.",expanded_highs_ds,,cyclic_expanded_witness_threshold_v3_median
wtir_2_buffer0,spain_huelva,Spain,Huelva,median,30.468745693440656,2023,2.0,0.0,high_investment_small_cavern,1.4,0.6,1.5,,,False,False,infeasible,infeasible,infeasible_at_lower_test_bound,2,"Conditional one-reference-unit feasibility, not factory availability.",expanded_highs_ds,,cyclic_expanded_witness_threshold_v3_median
wtir_2_buffer48,spain_huelva,Spain,Huelva,median,30.468745693440656,2023,2.0,48.0,high_investment_small_cavern,1.4,0.6,1.5,0.5166666666666666,0.5333333333333333,True,False,optimal,infeasible,crossing_bracketed,6,"Conditional one-reference-unit feasibility, not factory availability.",expanded_highs_ds,6.677449704284301e-10,cyclic_expanded_witness_threshold_v3_median
exact_table14_rate,spain_huelva,Spain,Huelva,median,30.468745693440656,2023,2.0,24.0,high_investment_small_cavern,1.3625,0.6,1.5,0.5166666666666666,0.5333333333333333,True,False,optimal,infeasible,crossing_bracketed,6,"Conditional one-reference-unit feasibility, not factory availability.",expanded_highs_ds,6.65233201857518e-10,cyclic_expanded_witness_threshold_v3_median
mid_cavern,spain_huelva,Spain,Huelva,median,30.468745693440656,2023,2.0,24.0,mid_investment_cavern,2.8,0.6,1.5,0.6666666666666666,,True,True,optimal,optimal,feasible_at_upper_test_bound,2,"Conditional one-reference-unit feasibility, not factory availability.",expanded_highs_ds,4.752835902621655e-10,cyclic_expanded_witness_threshold_v3_median
large_cavern,spain_huelva,Spain,Huelva,median,30.468745693440656,2023,2.0,24.0,low_investment_large_cavern,5.9,0.6,1.5,0.6666666666666666,,True,True,feasible_constructive_rigid_witness,feasible_constructive_rigid_witness,feasible_at_upper_test_bound,2,"Conditional one-reference-unit feasibility, not factory availability.",checked_constructive_rigid_witness,8.906511084205703e-10,cyclic_expanded_witness_threshold_v3_median
slow_ramp,spain_huelva,Spain,Huelva,median,30.468745693440656,2023,2.0,24.0,high_investment_small_cavern,1.4,0.03,1.5,,,False,False,infeasible,infeasible,infeasible_at_lower_test_bound,2,"Conditional one-reference-unit feasibility, not factory availability.",expanded_highs_ds,,cyclic_expanded_witness_threshold_v3_median
overbuild2,spain_huelva,Spain,Huelva,median,30.468745693440656,2023,2.0,24.0,high_investment_small_cavern,1.4,0.6,2.0,0.5833333333333333,0.6,True,False,optimal,infeasible,crossing_bracketed,6,"Conditional one-reference-unit feasibility, not factory availability.",expanded_highs_ds,8.716383170792597e-10,cyclic_expanded_witness_threshold_v3_median
central_wtir2_buffer24,netherlands_sluiskil,Netherlands,Sluiskil,high,143.35548063444742,2015,2.0,24.0,high_investment_small_cavern,1.4,0.6,1.5,,,False,False,infeasible,infeasible,infeasible_at_lower_test_bound,2,Conditional one-reference-cavern scenario threshold; not a measured plant operating limit or geological feasibility result.,,,cyclic_compact_threshold_v2_high
wtir_1_buffer24,netherlands_sluiskil,Netherlands,Sluiskil,high,143.35548063444742,2015,1.0,24.0,high_investment_small_cavern,1.4,0.6,1.5,,,False,False,infeasible,infeasible,infeasible_at_lower_test_bound,2,Conditional one-reference-cavern scenario threshold; not a measured plant operating limit or geological feasibility result.,,,cyclic_compact_threshold_v2_high
wtir_5_buffer24,netherlands_sluiskil,Netherlands,Sluiskil,high,143.35548063444742,2015,5.0,24.0,high_investment_small_cavern,1.4,0.6,1.5,,,False,False,infeasible,infeasible,infeasible_at_lower_test_bound,2,Conditional one-reference-cavern scenario threshold; not a measured plant operating limit or geological feasibility result.,,,cyclic_compact_threshold_v2_high
wtir_2_buffer0,netherlands_sluiskil,Netherlands,Sluiskil,high,143.35548063444742,2015,2.0,0.0,high_investment_small_cavern,1.4,0.6,1.5,,,False,False,infeasible,infeasible,infeasible_at_lower_test_bound,2,Conditional one-reference-cavern scenario threshold; not a measured plant operating limit or geological feasibility result.,,,cyclic_compact_threshold_v2_high
wtir_2_buffer48,netherlands_sluiskil,Netherlands,Sluiskil,high,143.35548063444742,2015,2.0,48.0,high_investment_small_cavern,1.4,0.6,1.5,,,False,False,infeasible,infeasible,infeasible_at_lower_test_bound,2,Conditional one-reference-cavern scenario threshold; not a measured plant operating limit or geological feasibility result.,,,cyclic_compact_threshold_v2_high
exact_table14_rate,netherlands_sluiskil,Netherlands,Sluiskil,high,143.35548063444742,2015,2.0,24.0,high_investment_small_cavern,1.3625,0.6,1.5,,,False,False,infeasible,infeasible,infeasible_at_lower_test_bound,2,Conditional one-reference-cavern scenario threshold; not a measured plant operating limit or geological feasibility result.,,,cyclic_compact_threshold_v2_high
mid_cavern,netherlands_sluiskil,Netherlands,Sluiskil,high,143.35548063444742,2015,2.0,24.0,mid_investment_cavern,2.8,0.6,1.5,,,False,False,infeasible,infeasible,infeasible_at_lower_test_bound,2,Conditional one-reference-cavern scenario threshold; not a measured plant operating limit or geological feasibility result.,,,cyclic_compact_threshold_v2_high
large_cavern,netherlands_sluiskil,Netherlands,Sluiskil,high,143.35548063444742,2015,2.0,24.0,low_investment_large_cavern,5.9,0.6,1.5,0.5333333333333333,0.55,True,False,optimal,infeasible,crossing_bracketed,6,Conditional one-reference-cavern scenario threshold; not a measured plant operating limit or geological feasibility result.,,,cyclic_compact_threshold_v2_high
slow_ramp,netherlands_sluiskil,Netherlands,Sluiskil,high,143.35548063444742,2015,2.0,24.0,high_investment_small_cavern,1.4,0.03,1.5,,,False,False,infeasible,infeasible,infeasible_at_lower_test_bound,2,Conditional one-reference-cavern scenario threshold; not a measured plant operating limit or geological feasibility result.,,,cyclic_compact_threshold_v2_high
overbuild2,netherlands_sluiskil,Netherlands,Sluiskil,high,143.35548063444742,2015,2.0,24.0,high_investment_small_cavern,1.4,0.6,2.0,,,False,False,infeasible,infeasible,infeasible_at_lower_test_bound,2,Conditional one-reference-cavern scenario threshold; not a measured plant operating limit or geological feasibility result.,,,cyclic_compact_threshold_v2_high
central_wtir2_buffer24,netherlands_sluiskil,Netherlands,Sluiskil,high,143.35548063444742,2019,2.0,24.0,high_investment_small_cavern,1.4,0.6,1.5,,,False,False,infeasible,infeasible,infeasible_at_lower_test_bound,2,Conditional one-reference-cavern scenario threshold; not a measured plant operating limit or geological feasibility result.,,,cyclic_compact_threshold_v2_high
wtir_1_buffer24,netherlands_sluiskil,Netherlands,Sluiskil,high,143.35548063444742,2019,1.0,24.0,high_investment_small_cavern,1.4,0.6,1.5,,,False,False,infeasible,infeasible,infeasible_at_lower_test_bound,2,Conditional one-reference-cavern scenario threshold; not a measured plant operating limit or geological feasibility result.,,,cyclic_compact_threshold_v2_high
wtir_5_buffer24,netherlands_sluiskil,Netherlands,Sluiskil,high,143.35548063444742,2019,5.0,24.0,high_investment_small_cavern,1.4,0.6,1.5,,,False,False,infeasible,infeasible,infeasible_at_lower_test_bound,2,Conditional one-reference-cavern scenario threshold; not a measured plant operating limit or geological feasibility result.,,,cyclic_compact_threshold_v2_high
wtir_2_buffer0,netherlands_sluiskil,Netherlands,Sluiskil,high,143.35548063444742,2019,2.0,0.0,high_investment_small_cavern,1.4,0.6,1.5,,,False,False,infeasible,infeasible,infeasible_at_lower_test_bound,2,Conditional one-reference-cavern scenario threshold; not a measured plant operating limit or geological feasibility result.,,,cyclic_compact_threshold_v2_high
wtir_2_buffer48,netherlands_sluiskil,Netherlands,Sluiskil,high,143.35548063444742,2019,2.0,48.0,high_investment_small_cavern,1.4,0.6,1.5,,,False,False,infeasible,infeasible,infeasible_at_lower_test_bound,2,Conditional one-reference-cavern scenario threshold; not a measured plant operating limit or geological feasibility result.,,,cyclic_compact_threshold_v2_high
exact_table14_rate,netherlands_sluiskil,Netherlands,Sluiskil,high,143.35548063444742,2019,2.0,24.0,high_investment_small_cavern,1.3625,0.6,1.5,,,False,False,infeasible,infeasible,infeasible_at_lower_test_bound,2,Conditional one-reference-cavern scenario threshold; not a measured plant operating limit or geological feasibility result.,,,cyclic_compact_threshold_v2_high
mid_cavern,netherlands_sluiskil,Netherlands,Sluiskil,high,143.35548063444742,2019,2.0,24.0,mid_investment_cavern,2.8,0.6,1.5,,,False,False,infeasible,infeasible,infeasible_at_lower_test_bound,2,Conditional one-reference-cavern scenario threshold; not a measured plant operating limit or geological feasibility result.,,,cyclic_compact_threshold_v2_high
large_cavern,netherlands_sluiskil,Netherlands,Sluiskil,high,143.35548063444742,2019,2.0,24.0,low_investment_large_cavern,5.9,0.6,1.5,0.5333333333333333,0.55,True,False,optimal,infeasible,crossing_bracketed,6,Conditional one-reference-cavern scenario threshold; not a measured plant operating limit or geological feasibility result.,,,cyclic_compact_threshold_v2_high
slow_ramp,netherlands_sluiskil,Netherlands,Sluiskil,high,143.35548063444742,2019,2.0,24.0,high_investment_small_cavern,1.4,0.03,1.5,,,False,False,infeasible,infeasible,infeasible_at_lower_test_bound,2,Conditional one-reference-cavern scenario threshold; not a measured plant operating limit or geological feasibility result.,,,cyclic_compact_threshold_v2_high
overbuild2,netherlands_sluiskil,Netherlands,Sluiskil,high,143.35548063444742,2019,2.0,24.0,high_investment_small_cavern,1.4,0.6,2.0,,,False,False,infeasible,infeasible,infeasible_at_lower_test_bound,2,Conditional one-reference-cavern scenario threshold; not a measured plant operating limit or geological feasibility result.,,,cyclic_compact_threshold_v2_high
central_wtir2_buffer24,netherlands_sluiskil,Netherlands,Sluiskil,high,143.35548063444742,2023,2.0,24.0,high_investment_small_cavern,1.4,0.6,1.5,,,False,False,infeasible,infeasible,infeasible_at_lower_test_bound,2,Conditional one-reference-cavern scenario threshold; not a measured plant operating limit or geological feasibility result.,,,cyclic_compact_threshold_v2_high
wtir_1_buffer24,netherlands_sluiskil,Netherlands,Sluiskil,high,143.35548063444742,2023,1.0,24.0,high_investment_small_cavern,1.4,0.6,1.5,,,False,False,infeasible,infeasible,infeasible_at_lower_test_bound,2,Conditional one-reference-cavern scenario threshold; not a measured plant operating limit or geological feasibility result.,,,cyclic_compact_threshold_v2_high
wtir_5_buffer24,netherlands_sluiskil,Netherlands,Sluiskil,high,143.35548063444742,2023,5.0,24.0,high_investment_small_cavern,1.4,0.6,1.5,,,False,False,infeasible,infeasible,infeasible_at_lower_test_bound,2,Conditional one-reference-cavern scenario threshold; not a measured plant operating limit or geological feasibility result.,,,cyclic_compact_threshold_v2_high
wtir_2_buffer0,netherlands_sluiskil,Netherlands,Sluiskil,high,143.35548063444742,2023,2.0,0.0,high_investment_small_cavern,1.4,0.6,1.5,,,False,False,infeasible,infeasible,infeasible_at_lower_test_bound,2,Conditional one-reference-cavern scenario threshold; not a measured plant operating limit or geological feasibility result.,,,cyclic_compact_threshold_v2_high
wtir_2_buffer48,netherlands_sluiskil,Netherlands,Sluiskil,high,143.35548063444742,2023,2.0,48.0,high_investment_small_cavern,1.4,0.6,1.5,,,False,False,infeasible,infeasible,infeasible_at_lower_test_bound,2,Conditional one-reference-cavern scenario threshold; not a measured plant operating limit or geological feasibility result.,,,cyclic_compact_threshold_v2_high
exact_table14_rate,netherlands_sluiskil,Netherlands,Sluiskil,high,143.35548063444742,2023,2.0,24.0,high_investment_small_cavern,1.3625,0.6,1.5,,,False,False,infeasible,infeasible,infeasible_at_lower_test_bound,2,Conditional one-reference-cavern scenario threshold; not a measured plant operating limit or geological feasibility result.,,,cyclic_compact_threshold_v2_high
mid_cavern,netherlands_sluiskil,Netherlands,Sluiskil,high,143.35548063444742,2023,2.0,24.0,mid_investment_cavern,2.8,0.6,1.5,,,False,False,infeasible,infeasible,infeasible_at_lower_test_bound,2,Conditional one-reference-cavern scenario threshold; not a measured plant operating limit or geological feasibility result.,,,cyclic_compact_threshold_v2_high
large_cavern,netherlands_sluiskil,Netherlands,Sluiskil,high,143.35548063444742,2023,2.0,24.0,low_investment_large_cavern,5.9,0.6,1.5,0.5333333333333333,0.55,True,False,optimal,infeasible,crossing_bracketed,6,Conditional one-reference-cavern scenario threshold; not a measured plant operating limit or geological feasibility result.,,,cyclic_compact_threshold_v2_high
slow_ramp,netherlands_sluiskil,Netherlands,Sluiskil,high,143.35548063444742,2023,2.0,24.0,high_investment_small_cavern,1.4,0.03,1.5,,,False,False,infeasible,infeasible,infeasible_at_lower_test_bound,2,Conditional one-reference-cavern scenario threshold; not a measured plant operating limit or geological feasibility result.,,,cyclic_compact_threshold_v2_high
overbuild2,netherlands_sluiskil,Netherlands,Sluiskil,high,143.35548063444742,2023,2.0,24.0,high_investment_small_cavern,1.4,0.6,2.0,,,False,False,infeasible,infeasible,infeasible_at_lower_test_bound,2,Conditional one-reference-cavern scenario threshold; not a measured plant operating limit or geological feasibility result.,,,cyclic_compact_threshold_v2_high
