site_id,weather_year,process_case,fixed_reference_volume_modules,service_scale_tph,minimum_withdrawal_kgph_at_scale,minimum_withdrawal_reference_rate_equivalents,minimum_withdrawal_kgph_per_normalized_tph,minimum_injection_kgph_per_normalized_tph,fixed_working_gas_kg_per_normalized_tph,maximum_original_matrix_and_bound_residual,status
spain_sabinanigo,2015,rigid,1,0.6853699706521995,252.191896314362,0.050709094290198035,367.9646134399143,183.98230671995714,1940564.1588736505,6.24140739091672e-11,optimal
spain_sabinanigo,2015,flex_ml0p6_b24,1,0.6853699706521995,208.1493784982616,0.041853313349757185,303.70367452805993,151.85183726402997,1940564.1588736505,6.137905739223015e-10,optimal
spain_sabinanigo,2015,flex_ml0p4_b24,1,0.6853699706521995,156.75657021007703,0.03151958415619464,228.71817692991007,114.35908846495504,1940564.1588736505,8.416918717557564e-09,optimal
spain_sabinanigo,2019,rigid,1,0.6853699706521995,220.2793077447581,0.04429232005410939,321.4020414917506,160.7010207458753,1940564.1588736505,6.357936399581376e-11,optimal
spain_sabinanigo,2019,flex_ml0p6_b24,1,0.6853699706521995,181.94141402125365,0.03658358755269131,265.464525456401,132.7322627282005,1940564.1588736505,5.079052733947265e-10,optimal
spain_sabinanigo,2019,flex_ml0p4_b24,1,0.6853699706521995,115.38444031138961,0.02320074732329444,168.3535101510058,84.1767550755029,1940564.1588736505,2.964952727779746e-10,optimal
spain_sabinanigo,2023,rigid,1,0.6853699706521995,238.1021189161161,0.047876014159324444,347.4066987346084,173.7033493673042,1940564.1588736505,7.628386811120436e-11,optimal
spain_sabinanigo,2023,flex_ml0p6_b24,1,0.6853699706521995,197.06693286986675,0.03962492778880424,287.5336552640867,143.76682763204334,1940564.1588736505,5.488280940824097e-10,optimal
spain_sabinanigo,2023,flex_ml0p4_b24,1,0.6853699706521995,138.90723254835788,0.027930556278084526,202.6748157877029,101.33740789385145,1940564.1588736505,2.3991049147298327e-09,optimal
spain_huelva,2015,rigid,1,30.468745693440656,9185.70692760859,1.8470017693732796,301.4796545952365,150.73982729761826,43651.43265159973,1.5802470443304628e-11,optimal
spain_huelva,2015,flex_ml0p6_b24,1,30.468745693440656,6743.638275581353,1.3559666038958642,221.32969776412983,110.66484888206492,43651.43265159973,6.184563972055912e-10,optimal
spain_huelva,2015,flex_ml0p4_b24,1,30.468745693440656,3539.761314362287,0.7117520145494476,116.1767980204164,58.0883990102082,43651.43265159973,4.001776687800884e-10,optimal
spain_huelva,2019,rigid,1,30.468745693440656,5589.767054832702,1.1239537383486176,183.4590472175582,91.7295236087791,43651.43265159973,1.9767298908845987e-11,optimal
spain_huelva,2019,flex_ml0p6_b24,1,30.468745693440656,4868.835616438356,0.9789935678571079,159.79770435664912,79.89885217832456,43651.43265159973,6.548361852765083e-10,optimal
spain_huelva,2019,flex_ml0p4_b24,1,30.468745693440656,3245.890410958905,0.6526623785714054,106.53180290443277,53.26590145221638,43651.43265159973,4.4929038267582655e-10,optimal
spain_huelva,2023,rigid,1,30.468745693440656,9448.04332540474,1.8997506535603181,310.089670919362,155.044835459681,43651.43265159973,1.460875864722766e-11,optimal
spain_huelva,2023,flex_ml0p6_b24,1,30.468745693440656,7033.295998729328,1.414209081190557,230.83641412398094,115.41820706199047,43651.43265159973,6.45741238258779e-10,optimal
spain_huelva,2023,flex_ml0p4_b24,1,30.468745693440656,3949.1747910643553,0.7940741941958706,129.6139601806627,64.80698009033135,43651.43265159973,5.566107574850321e-10,optimal
netherlands_sluiskil,2015,rigid,3,143.35548063444742,86577.34310524756,17.40840494512276,603.9346575525594,301.9673287762797,27833.000762783933,5.263700586510822e-11,optimal
netherlands_sluiskil,2015,flex_ml0p6_b24,3,143.35548063444742,44538.29582567648,8.955468734545313,310.6842907474736,155.3421453737368,27833.000762783933,7.548806024715304e-10,optimal
netherlands_sluiskil,2015,flex_ml0p4_b24,3,143.35548063444742,38577.17425464724,7.756845462987635,269.10149569389665,134.55074784694833,27833.000762783933,3.001332515850663e-10,optimal
netherlands_sluiskil,2019,rigid,2,143.35548063444742,36981.32440593662,7.435962430527339,257.9693796307516,128.9846898153758,18555.333841855954,1.84456894203322e-11,optimal
netherlands_sluiskil,2019,flex_ml0p6_b24,2,143.35548063444742,27094.737311026634,5.448032268889172,189.00384687849834,94.50192343924917,18555.333841855954,4.674802767112851e-10,optimal
netherlands_sluiskil,2019,flex_ml0p4_b24,2,143.35548063444742,15271.917808219181,3.0707771797861634,106.53180290443277,53.26590145221638,18555.333841855954,3.9835867937654257e-10,optimal
netherlands_sluiskil,2023,rigid,2,143.35548063444742,46936.93986168698,9.437772362727957,327.41643119578316,163.70821559789158,18555.333841855954,1.6484591469634324e-11,optimal
netherlands_sluiskil,2023,flex_ml0p6_b24,2,143.35548063444742,35057.35168734341,7.0491026010691495,244.54838791087946,122.27419395543973,18555.333841855954,6.366462912410498e-10,optimal
netherlands_sluiskil,2023,flex_ml0p4_b24,2,143.35548063444742,19395.723403816126,3.8999649920737816,135.2980947639853,67.64904738199265,18555.333841855954,5.456968210637569e-10,optimal
