site_id,weather_year,process_case_rigid,fixed_reference_volume_modules_rigid,service_scale_tph_rigid,minimum_withdrawal_kgph_at_scale_rigid,minimum_withdrawal_reference_rate_equivalents_rigid,minimum_withdrawal_kgph_per_normalized_tph_rigid,minimum_injection_kgph_per_normalized_tph_rigid,fixed_working_gas_kg_per_normalized_tph_rigid,maximum_original_matrix_and_bound_residual_rigid,status_rigid,process_case_flex,fixed_reference_volume_modules_flex,service_scale_tph_flex,minimum_withdrawal_kgph_at_scale_flex,minimum_withdrawal_reference_rate_equivalents_flex,minimum_withdrawal_kgph_per_normalized_tph_flex,minimum_injection_kgph_per_normalized_tph_flex,fixed_working_gas_kg_per_normalized_tph_flex,maximum_original_matrix_and_bound_residual_flex,status_flex,withdrawal_capacity_reduction_pct,flex_case
spain_sabinanigo,2015,rigid,1,0.6853699706521995,252.191896314362,0.050709094290198,367.9646134399143,183.98230671995717,1940564.1588736505,6.24140739091672e-11,optimal,flex_ml0p6_b24,1,0.6853699706521995,208.1493784982616,0.0418533133497571,303.70367452805993,151.85183726402997,1940564.1588736505,6.137905739223014e-10,optimal,17.463890973404062,flex_ml0p6_b24
spain_sabinanigo,2019,rigid,1,0.6853699706521995,220.2793077447581,0.0442923200541093,321.4020414917506,160.7010207458753,1940564.1588736505,6.357936399581375e-11,optimal,flex_ml0p6_b24,1,0.6853699706521995,181.94141402125365,0.0365835875526913,265.464525456401,132.7322627282005,1940564.1588736505,5.079052733947265e-10,optimal,17.40421926871467,flex_ml0p6_b24
spain_sabinanigo,2023,rigid,1,0.6853699706521995,238.1021189161161,0.0478760141593244,347.4066987346084,173.7033493673042,1940564.1588736505,7.628386811120436e-11,optimal,flex_ml0p6_b24,1,0.6853699706521995,197.06693286986675,0.0396249277888042,287.5336552640867,143.76682763204334,1940564.1588736505,5.488280940824096e-10,optimal,17.234280078249174,flex_ml0p6_b24
spain_huelva,2015,rigid,1,30.468745693440656,9185.70692760859,1.84700176937328,301.4796545952365,150.73982729761826,43651.43265159973,1.5802470443304628e-11,optimal,flex_ml0p6_b24,1,30.468745693440656,6743.638275581353,1.3559666038958642,221.32969776412983,110.66484888206492,43651.43265159973,6.184563972055911e-10,optimal,26.58552761668618,flex_ml0p6_b24
spain_huelva,2019,rigid,1,30.468745693440656,5589.767054832702,1.1239537383486176,183.4590472175582,91.7295236087791,43651.43265159973,1.9767298908845987e-11,optimal,flex_ml0p6_b24,1,30.468745693440656,4868.835616438356,0.978993567857108,159.79770435664912,79.89885217832456,43651.43265159973,6.548361852765082e-10,optimal,12.897343150839468,flex_ml0p6_b24
spain_huelva,2023,rigid,1,30.468745693440656,9448.04332540474,1.899750653560318,310.089670919362,155.044835459681,43651.43265159973,1.460875864722766e-11,optimal,flex_ml0p6_b24,1,30.468745693440656,7033.295998729328,1.414209081190557,230.83641412398092,115.41820706199049,43651.43265159973,6.45741238258779e-10,optimal,25.558173724525858,flex_ml0p6_b24
netherlands_sluiskil,2015,rigid,3,143.35548063444742,86577.34310524756,17.40840494512276,603.9346575525594,301.9673287762797,27833.000762783933,5.2637005865108215e-11,optimal,flex_ml0p6_b24,3,143.35548063444742,44538.29582567648,8.955468734545313,310.6842907474736,155.3421453737368,27833.000762783933,7.548806024715303e-10,optimal,48.5566382286257,flex_ml0p6_b24
netherlands_sluiskil,2019,rigid,2,143.35548063444742,36981.32440593662,7.435962430527339,257.9693796307516,128.9846898153758,18555.333841855954,1.8445689420332198e-11,optimal,flex_ml0p6_b24,2,143.35548063444742,27094.737311026634,5.448032268889172,189.00384687849836,94.50192343924915,18555.333841855954,4.67480276711285e-10,optimal,26.733999535513895,flex_ml0p6_b24
netherlands_sluiskil,2023,rigid,2,143.35548063444742,46936.93986168698,9.437772362727957,327.4164311957832,163.70821559789158,18555.333841855954,1.6484591469634324e-11,optimal,flex_ml0p6_b24,2,143.35548063444742,35057.35168734341,7.0491026010691495,244.54838791087943,122.27419395543971,18555.333841855954,6.366462912410498e-10,optimal,25.30967764270563,flex_ml0p6_b24
spain_sabinanigo,2015,rigid,1,0.6853699706521995,252.191896314362,0.050709094290198,367.9646134399143,183.98230671995717,1940564.1588736505,6.24140739091672e-11,optimal,flex_ml0p4_b24,1,0.6853699706521995,156.75657021007703,0.0315195841561946,228.71817692991007,114.35908846495504,1940564.1588736505,8.416918717557564e-09,optimal,37.84234446031643,flex_ml0p4_b24
spain_sabinanigo,2019,rigid,1,0.6853699706521995,220.2793077447581,0.0442923200541093,321.4020414917506,160.7010207458753,1940564.1588736505,6.357936399581375e-11,optimal,flex_ml0p4_b24,1,0.6853699706521995,115.3844403113896,0.0232007473232944,168.3535101510058,84.1767550755029,1940564.1588736505,2.9649527277797455e-10,optimal,47.61902899881645,flex_ml0p4_b24
spain_sabinanigo,2023,rigid,1,0.6853699706521995,238.1021189161161,0.0478760141593244,347.4066987346084,173.7033493673042,1940564.1588736505,7.628386811120436e-11,optimal,flex_ml0p4_b24,1,0.6853699706521995,138.90723254835788,0.0279305562780845,202.6748157877029,101.33740789385143,1940564.1588736505,2.3991049147298327e-09,optimal,41.66064830473214,flex_ml0p4_b24
spain_huelva,2015,rigid,1,30.468745693440656,9185.70692760859,1.84700176937328,301.4796545952365,150.73982729761826,43651.43265159973,1.5802470443304628e-11,optimal,flex_ml0p4_b24,1,30.468745693440656,3539.761314362287,0.7117520145494476,116.1767980204164,58.0883990102082,43651.43265159973,4.0017766878008837e-10,optimal,61.46446493167369,flex_ml0p4_b24
spain_huelva,2019,rigid,1,30.468745693440656,5589.767054832702,1.1239537383486176,183.4590472175582,91.7295236087791,43651.43265159973,1.9767298908845987e-11,optimal,flex_ml0p4_b24,1,30.468745693440656,3245.890410958905,0.6526623785714054,106.53180290443277,53.26590145221638,43651.43265159973,4.4929038267582655e-10,optimal,41.93156210055964,flex_ml0p4_b24
spain_huelva,2023,rigid,1,30.468745693440656,9448.04332540474,1.899750653560318,310.089670919362,155.044835459681,43651.43265159973,1.460875864722766e-11,optimal,flex_ml0p4_b24,1,30.468745693440656,3949.1747910643553,0.7940741941958706,129.6139601806627,64.80698009033135,43651.43265159973,5.566107574850321e-10,optimal,58.20113588550697,flex_ml0p4_b24
netherlands_sluiskil,2015,rigid,3,143.35548063444742,86577.34310524756,17.40840494512276,603.9346575525594,301.9673287762797,27833.000762783933,5.2637005865108215e-11,optimal,flex_ml0p4_b24,3,143.35548063444742,38577.17425464724,7.756845462987635,269.10149569389665,134.55074784694833,27833.000762783933,3.0013325158506627e-10,optimal,55.44195181902154,flex_ml0p4_b24
netherlands_sluiskil,2019,rigid,2,143.35548063444742,36981.32440593662,7.435962430527339,257.9693796307516,128.9846898153758,18555.333841855954,1.8445689420332198e-11,optimal,flex_ml0p4_b24,2,143.35548063444742,15271.91780821918,3.0707771797861634,106.53180290443277,53.26590145221638,18555.333841855954,3.983586793765425e-10,optimal,58.703702332067984,flex_ml0p4_b24
netherlands_sluiskil,2023,rigid,2,143.35548063444742,46936.93986168698,9.437772362727957,327.4164311957832,163.70821559789158,18555.333841855954,1.6484591469634324e-11,optimal,flex_ml0p4_b24,2,143.35548063444742,19395.72340381613,3.8999649920737816,135.2980947639853,67.64904738199265,18555.333841855954,5.456968210637568e-10,optimal,58.677060198276386,flex_ml0p4_b24
