site_id,country,city_cluster,project_names,process_types,eho_record_count,eho_reporting_year,eho_h2_output_t_per_year_estimate,service_reference_nh3_tph,weather_year,local_year_hours,process_case,flexible_process,min_hb_load_fraction_of_nameplate,hb_nameplate_multiple,ramp_fraction_nameplate_per_hour,nh3_buffer_limit_hours,cavern_archetype,module_count_limit,withdrawal_to_injection_ratio,minimum_feasible_modules,status,module_reference_service_hours_at_site_scale,free_storage_status,free_h2_storage_service_hours,free_h2_storage_kg_per_normalized_tph,pv_capacity_mw_per_normalized_tph,wind_capacity_mw_per_normalized_tph,electrolyser_capacity_mw_per_normalized_tph,grid_connection_mw_per_normalized_tph,renewable_overbuild,wind_energy_share,training_pv_cf_mean,training_wind_cf_mean,evaluation_pv_cf_mean,evaluation_wind_cf_mean,h2_storage_service_hours,h2_storage_kg_at_site_scale,h2_storage_tonnes_at_site_scale,nh3_buffer_tonnes_at_site_scale,annual_nh3_equivalent_t_at_site_scale,grid_import_mwh_per_normalized_tph,grid_import_mwh_at_site_scale,max_h2_balance_residual_kgph,max_h2_storage_balance_residual_kg,max_nh3_balance_residual_tph,max_annual_nh3_service_residual_t_per_normalized_tph,max_hb_ramp_violation_tph_per_hour,max_site_power_violation_mw,max_hourly_matching_violation_mw,max_h2_charge_kgph_per_normalized_tph,max_h2_discharge_kgph_per_normalized_tph,peak_nh3_buffer_use_t_per_normalized_tph,solver_method
netherlands_sluiskil,Netherlands,Sluiskil,Sluiskil YARA,Reforming,1,2024,222970.0,143.35548063444742,2015,8760,flex_ml0p4_b24,True,0.4,1.5,0.6,24.0,high_investment_small_cavern,16,2.0,4,optimal,52.25294232136911,optimal,123.90019047180516,21998.851118606704,60.580852051744216,30.031536924951705,27.69826875515251,29.031602088485847,1.5,0.5,0.1198051905232735,0.2416759601834175,0.1233752237442922,0.2764636616030323,194.84956255269805,4959544.173787111,4959.544173787111,3440.531535226595,1255794.0103577594,330.6522438243336,47400.81133629584,3.9355541048280424e-10,3.1370461783808417e-11,1.3350964778169327e-10,1.3460521586239338e-10,0.0,3.552713678800501e-15,7.075229291331198e-12,69.38426116078615,138.7685223215723,23.999999999999005,highs-ds
netherlands_sluiskil,Netherlands,Sluiskil,Sluiskil YARA,Reforming,1,2024,222970.0,143.35548063444742,2015,8760,flex_ml0p6_b24,True,0.6,1.5,0.6,24.0,high_investment_small_cavern,16,2.0,5,optimal,52.25294232136911,optimal,123.90019047180527,21998.85111860673,60.580852051744216,30.031536924951705,27.69826875515251,29.031602088485847,1.5,0.5,0.1198051905232735,0.2416759601834175,0.1233752237442922,0.2764636616030323,247.88513504454235,6309469.013799271,6309.46901379927,2751.660252755947,1255794.0103577594,788.9267322035781,113096.97088040791,3.836930773104541e-12,1.135305183197488e-10,1.6785817180675622e-10,1.673470251262188e-10,0.0,8.881784197001252e-16,2.1316282072803012e-14,86.73032645098269,159.79770435664912,19.194663786678696,highs-ds
netherlands_sluiskil,Netherlands,Sluiskil,Sluiskil YARA,Reforming,1,2024,222970.0,143.35548063444742,2015,8760,rigid,False,1.0,1.5,0.6,0.0,high_investment_small_cavern,16,2.0,7,optimal,52.25294232136911,optimal,147.90019047180508,26260.123234784,60.580852051744216,30.031536924951705,27.69826875515251,29.031602088485847,1.5,0.5,0.1198051905232735,0.2416759601834175,0.1233752237442922,0.2764636616030323,262.62618597463086,6684675.877484412,6684.675877484412,-0.0,1255794.0103577594,851.2320258709905,122028.77620017022,5.115907697472721e-12,3.637978807091713e-12,0.0,0.0,0.0,8.881784197001252e-16,0.0,121.42245703137576,177.55300484072126,0.0,highs-ds
netherlands_sluiskil,Netherlands,Sluiskil,Sluiskil YARA,Reforming,1,2024,222970.0,143.35548063444742,2019,8760,flex_ml0p4_b24,True,0.4,1.5,0.6,24.0,high_investment_small_cavern,16,2.0,4,optimal,52.25294232136911,optimal,61.24949116951847,10875.031202113229,60.580852051744216,30.031536924951705,27.69826875515251,29.031602088485847,1.5,0.5,0.1198051905232735,0.2416759601834175,0.1268255958904109,0.2522240504691707,73.70014920531375,1875904.3685284029,1875.904368528403,3440.53153521519,1255794.0103577594,198.8072393234352,28500.107346818662,4.945377440890297e-12,1.3926637620897964e-12,1.9781876137159315e-10,2.0008883439004419e-10,0.0,3.552713678800501e-15,4.5594816810989864e-10,69.38426116078615,138.7685223215723,23.99999999991945,highs-ds
netherlands_sluiskil,Netherlands,Sluiskil,Sluiskil YARA,Reforming,1,2024,222970.0,143.35548063444742,2019,8760,flex_ml0p6_b24,True,0.6,1.5,0.6,24.0,high_investment_small_cavern,16,2.0,5,optimal,52.25294232136911,optimal,61.24949116921713,10875.031202059725,60.580852051744216,30.031536924951705,27.69826875515251,29.031602088485847,1.5,0.5,0.1198051905232735,0.2416759601834175,0.1268255958904109,0.2522240504691707,183.90220086909503,4680898.827372388,4680.898827372388,786.0746774397752,1255794.0103577594,1190.9802603028668,170733.54764185677,4.405364961712621e-12,1.8189894035458565e-12,2.527014153486107e-10,2.5465851649641985e-10,0.0,3.552713678800501e-15,0.0,86.73032645098269,159.79770435664912,5.48339466311891,highs-ds
netherlands_sluiskil,Netherlands,Sluiskil,Sluiskil YARA,Reforming,1,2024,222970.0,143.35548063444742,2019,8760,rigid,False,1.0,1.5,0.6,0.0,high_investment_small_cavern,16,2.0,7,optimal,52.25294232136911,optimal,85.24949116940553,15136.303318270484,60.580852051744216,30.031536924951705,27.69826875515251,29.031602088485847,1.5,0.5,0.1198051905232735,0.2416759601834175,0.1268255958904109,0.2522240504691707,118.4531251442194,3015010.6522153653,3015.010652215365,-0.0,1255794.0103577594,1668.5485194941275,239195.57497397636,5.1159076974727205e-12,1.8189894035458565e-12,0.0,0.0,0.0,1.6653345369377348e-15,0.0,121.42245703137576,177.55300484072126,0.0,highs-ds
netherlands_sluiskil,Netherlands,Sluiskil,Sluiskil YARA,Reforming,1,2024,222970.0,143.35548063444742,2023,8760,flex_ml0p4_b24,True,0.4,1.5,0.6,24.0,high_investment_small_cavern,16,2.0,4,optimal,52.25294232136911,optimal,62.32772910987203,11066.475588356272,60.580852051744216,30.031536924951705,27.69826875515251,29.031602088485847,1.5,0.5,0.1198051905232735,0.2416759601834175,0.1197610547945205,0.2892664775518832,101.01694724297302,2571204.1925531616,2571.2041925531616,3440.531535226789,1255794.0103577594,488.2915948841561,69999.27627437908,6.394884621840902e-12,1.8047785488306545e-12,6.040457023459567e-11,6.184563972055912e-11,0.0,3.552713678800501e-15,0.0,69.38426116078615,138.7685223215723,24.000000000000355,highs-ds
netherlands_sluiskil,Netherlands,Sluiskil,Sluiskil YARA,Reforming,1,2024,222970.0,143.35548063444742,2023,8760,flex_ml0p6_b24,True,0.6,1.5,0.6,24.0,high_investment_small_cavern,16,2.0,5,optimal,52.25294232136911,optimal,67.72772910987204,12025.261814496169,60.580852051744216,30.031536924951705,27.69826875515251,29.031602088485847,1.5,0.5,0.1198051905232735,0.2416759601834175,0.1197610547945205,0.2892664775518832,168.37417790698544,4285661.010036591,4285.661010036592,574.1071910137485,1255794.0103577594,692.6551243995442,99295.90827220962,4.007461029686965e-12,3.694822225952521e-12,8.247980076703243e-11,8.36735125631094e-11,0.0,1.7763568394002505e-15,0.0,86.73032645098269,173.46065290196535,4.00478020423723,highs-ds
netherlands_sluiskil,Netherlands,Sluiskil,Sluiskil YARA,Reforming,1,2024,222970.0,143.35548063444742,2023,8760,rigid,False,1.0,1.5,0.6,0.0,high_investment_small_cavern,16,2.0,6,optimal,52.25294232136911,optimal,86.32772910987207,15327.747704533587,60.580852051744216,30.031536924951705,27.69826875515251,29.031602088485847,1.5,0.5,0.1198051905232735,0.2416759601834175,0.1197610547945205,0.2892664775518832,201.015694303984,5116491.935954261,5116.491935954261,-0.0,1255794.0103577594,972.440301279306,139404.64677820177,5.1727511163335285e-12,3.637978807091713e-12,0.0,0.0,0.0,1.7763568394002505e-15,5.684341886080803e-14,104.07639174117924,177.55300484072126,0.0,highs-ds
spain_huelva,Spain,Huelva,Huelva Fertiberia,Reforming,1,2024,47390.0,30.468745693440656,2015,8760,flex_ml0p4_b24,True,0.4,1.5,0.6,24.0,high_investment_small_cavern,16,2.0,1,optimal,245.8501487528101,optimal,31.65390206417577,5620.245426428318,37.87705231779908,58.81027645985802,27.69826875515251,29.031602088485847,1.5,0.5,0.1916173534631376,0.1234121136477817,0.1947667785388127,0.1121014601216313,152.75703778959473,826387.6736128875,826.3876736128875,731.2498966407785,266906.21227454016,763.6431138637555,23267.247836861912,9.663381206337364e-11,6.379491379604474e-11,1.845434915992428e-10,1.8553691916167736e-10,0.0,3.552713678800501e-15,0.0,81.613255491773,163.226510983546,23.99999999994101,highs-ds
spain_huelva,Spain,Huelva,Huelva Fertiberia,Reforming,1,2024,47390.0,30.468745693440656,2015,8760,flex_ml0p6_b24,True,0.6,1.5,0.6,24.0,high_investment_small_cavern,16,2.0,2,optimal,245.8501487528101,optimal,37.43047778600096,6645.893803528337,37.87705231779908,58.81027645985802,27.69826875515251,29.031602088485847,1.5,0.5,0.1916173534631376,0.1234121136477817,0.1947667785388127,0.1121014601216313,84.11424541481713,455042.7043616649,455.0427043616649,136.72569887769745,266906.21227454016,745.6769487138439,22719.8413198229,6.394884621840902e-12,1.9042545318370685e-12,2.720010883194845e-10,2.7284841053187847e-10,0.0,3.552713678800501e-15,0.0,163.226510983546,170.83264768424772,4.48740818717496,highs-ds
spain_huelva,Spain,Huelva,Huelva Fertiberia,Reforming,1,2024,47390.0,30.468745693440656,2015,8760,rigid,False,1.0,1.5,0.6,0.0,high_investment_small_cavern,16,2.0,2,optimal,245.8501487528101,optimal,55.653902064175696,9881.517542605614,37.87705231779908,58.81027645985802,27.69826875515251,29.031602088485847,1.5,0.5,0.1916173534631376,0.1234121136477817,0.1947667785388127,0.1121014601216313,197.70652268876967,1069556.1769658446,1069.5561769658443,-0.0,266906.21227454016,1094.503034647195,33348.13462336444,6.679101716144942e-12,3.637978807091713e-12,0.0,0.0,0.0,3.552713678800501e-15,0.0,163.226510983546,177.55300484072126,0.0,highs-ds
spain_huelva,Spain,Huelva,Huelva Fertiberia,Reforming,1,2024,47390.0,30.468745693440656,2019,8760,flex_ml0p4_b24,True,0.4,1.5,0.6,24.0,high_investment_small_cavern,16,2.0,1,optimal,245.8501487528101,optimal,17.236621179908095,3060.413883793901,37.87705231779908,58.81027645985802,27.69826875515251,29.031602088485847,1.5,0.5,0.1916173534631376,0.1234121136477817,0.1998143687214612,0.1282476003714575,58.43180392881828,316105.3867793035,316.1053867793035,731.2498966402187,266906.21227454016,324.4202573061151,9884.678317660604,5.1727511163335285e-12,1.815436689867056e-12,9.712897153235643e-11,9.822542779147624e-11,0.0,3.552713678800501e-15,1.348997358263659e-09,81.613255491773,163.226510983546,23.99999999992264,highs-ds
spain_huelva,Spain,Huelva,Huelva Fertiberia,Reforming,1,2024,47390.0,30.468745693440656,2019,8760,flex_ml0p6_b24,True,0.6,1.5,0.6,24.0,high_investment_small_cavern,16,2.0,1,optimal,245.8501487528101,optimal,32.5366211799081,5776.974857856937,37.87705231779908,58.81027645985802,27.69826875515251,29.031602088485847,1.5,0.5,0.1916173534631376,0.1234121136477817,0.1998143687214612,0.1282476003714575,123.73021969473074,669357.8894216084,669.3578894216084,97.78434992908704,266906.21227454016,982.7561929828694,29943.348522648936,3.296918293926865e-12,5.1727511163335285e-12,7.383027522678276e-11,7.457856554538012e-11,0.0,3.552713678800501e-15,0.0,81.61325549182948,159.79770435664912,3.2093329641114225,highs-ds
spain_huelva,Spain,Huelva,Huelva Fertiberia,Reforming,1,2024,47390.0,30.468745693440656,2019,8760,rigid,False,1.0,1.5,0.6,0.0,high_investment_small_cavern,16,2.0,2,optimal,245.8501487528101,optimal,41.236621179908106,7321.685999971212,37.87705231779908,58.81027645985802,27.69826875515251,29.031602088485847,1.5,0.5,0.1916173534631376,0.1234121136477817,0.1998143687214612,0.1282476003714575,88.35252643633389,477971.0305728154,477.9710305728154,-0.0,266906.21227454016,482.4438158395384,14699.457936188011,6.934897101018578e-12,9.094947017729282e-13,0.0,0.0,0.0,3.552713678800501e-15,3.730349362740527e-14,163.226510983546,177.55300484072126,0.0,highs-ds
spain_huelva,Spain,Huelva,Huelva Fertiberia,Reforming,1,2024,47390.0,30.468745693440656,2023,8760,flex_ml0p4_b24,True,0.4,1.5,0.6,24.0,high_investment_small_cavern,16,2.0,1,optimal,245.8501487528101,optimal,39.66929929137835,7043.403289110121,37.87705231779908,58.81027645985802,27.69826875515251,29.031602088485847,1.5,0.5,0.1916173534631376,0.1234121136477817,0.1974469965753424,0.1050670681304175,155.11097449510103,839122.0412468994,839.1220412468994,731.2498966414165,266906.21227454016,949.8413669265232,28940.47505799429,5.1727511163335285e-12,1.8189894035458565e-12,2.010174249278407e-10,2.0190782379359007e-10,0.0,3.552713678800501e-15,2.1858603815871902e-10,81.613255491773,163.226510983546,23.999999999961958,highs-ds
spain_huelva,Spain,Huelva,Huelva Fertiberia,Reforming,1,2024,47390.0,30.468745693440656,2023,8760,flex_ml0p6_b24,True,0.6,1.5,0.6,24.0,high_investment_small_cavern,16,2.0,2,optimal,245.8501487528101,optimal,41.66115570011773,7397.063379693045,37.87705231779908,58.81027645985802,27.69826875515251,29.031602088485847,1.5,0.5,0.1916173534631376,0.1234121136477817,0.1974469965753424,0.1050670681304175,88.6043249351887,479333.21446102654,479.33321446102656,132.49317859120754,266906.21227454016,734.7679823286726,22387.45879725482,6.764366844436154e-12,9.094947017729282e-13,2.8639268734309553e-10,2.8740032576024527e-10,0.0,3.552713678800501e-15,3.7303493627405266e-14,163.226510983546,169.2326611618244,4.34849468121462,highs-ds
spain_huelva,Spain,Huelva,Huelva Fertiberia,Reforming,1,2024,47390.0,30.468745693440656,2023,8760,rigid,False,1.0,1.5,0.6,0.0,high_investment_small_cavern,16,2.0,2,optimal,245.8501487528101,optimal,63.66929929126338,11304.675405267017,37.87705231779908,58.81027645985802,27.69826875515251,29.031602088485847,1.5,0.5,0.1916173534631376,0.1234121136477817,0.1974469965753424,0.1050670681304175,205.15607804214125,1109856.910778205,1109.8569107782046,-0.0,266906.21227454016,1274.3978650263157,38829.30446175052,6.59383658785373e-12,3.637978807091713e-12,0.0,0.0,0.0,1.6653345369377348e-15,0.0,163.226510983546,177.55300484072126,0.0,highs-ds
spain_sabinanigo,Spain,Sabiñánigo,Sabinanigo Ercros,Reforming,1,2024,1066.0,0.6853699706521995,2015,8760,flex_ml0p4_b24,True,0.4,1.5,0.6,24.0,high_investment_small_cavern,16,2.0,1,optimal,10929.49207260382,optimal,230.3903920546432,40906.50639573373,40.59085756127919,249.12426647432565,27.69826875515251,29.031602088485847,1.5,0.5,0.1788062868877395,0.0291336553633945,0.1845304394977168,0.0308264576516231,230.39039205462976,28036.091087926405,28.036091087926405,16.4488792953226,6003.840942913268,1024.5140963392296,702.1711961407825,9.919176591211e-12,3.637978807091713e-12,1.9372414783447311e-10,1.9281287677586079e-10,0.0,3.552713678800501e-15,0.0,3628.19153635565,3805.7445411963713,23.999999999518234,highs-ds
spain_sabinanigo,Spain,Sabiñánigo,Sabinanigo Ercros,Reforming,1,2024,1066.0,0.6853699706521995,2015,8760,flex_ml0p6_b24,True,0.6,1.5,0.6,24.0,high_investment_small_cavern,16,2.0,1,optimal,10929.49207260382,optimal,230.39039205425524,40906.50639566485,40.59085756127919,249.12426647432565,27.69826875515251,29.031602088485847,1.5,0.5,0.1788062868877395,0.0291336553633945,0.1845304394977168,0.0308264576516231,230.3903920543114,28036.091087887664,28.036091087887662,16.44887929622059,6003.840942913268,1308.0479012993524,896.4967517252082,1.0714984455262308e-11,3.2429170460090966e-11,2.9427549286253907e-10,2.9467628337442875e-10,0.0,3.552713678800501e-15,0.0,3628.19153635565,3805.7445411963713,24.00000000082846,highs-ds
spain_sabinanigo,Spain,Sabiñánigo,Sabinanigo Ercros,Reforming,1,2024,1066.0,0.6853699706521995,2015,8760,rigid,False,1.0,1.5,0.6,0.0,high_investment_small_cavern,16,2.0,1,optimal,10929.49207260382,optimal,254.39039205448745,45167.778511883385,40.59085756127919,249.12426647432565,27.69826875515251,29.031602088485847,1.5,0.5,0.1788062868877395,0.0291336553633945,0.1845304394977168,0.0308264576516231,254.39039205448748,30956.63903311457,30.95663903311457,-0.0,6003.840942913268,1423.8197304736605,975.8432868887552,7.219114195322618e-12,3.581135388230905e-12,0.0,0.0,0.0,3.552713678800501e-15,0.0,3628.19153635565,3805.7445411963713,0.0,highs-ds
spain_sabinanigo,Spain,Sabiñánigo,Sabinanigo Ercros,Reforming,1,2024,1066.0,0.6853699706521995,2019,8760,flex_ml0p4_b24,True,0.4,1.5,0.6,24.0,high_investment_small_cavern,16,2.0,1,optimal,10929.49207260382,optimal,117.07481857317072,20786.985828848745,40.59085756127919,249.12426647432565,27.69826875515251,29.031602088485847,1.5,0.5,0.1788062868877395,0.0291336553633945,0.1849193378995433,0.0306203766721965,117.07481857317065,14246.775867465742,14.24677586746574,16.448879295652862,6003.840942913268,688.5918257442592,471.94015940168737,9.407585821463726e-12,1.8189894035458565e-12,9.320588745254099e-11,9.276845958083868e-11,0.0,3.552713678800501e-15,0.0,3628.19153635565,3894.521043616732,24.000000000000107,highs-ds
spain_sabinanigo,Spain,Sabiñánigo,Sabinanigo Ercros,Reforming,1,2024,1066.0,0.6853699706521995,2019,8760,flex_ml0p6_b24,True,0.6,1.5,0.6,24.0,high_investment_small_cavern,16,2.0,1,optimal,10929.49207260382,optimal,117.07481857317129,20786.985828848843,40.59085756127919,249.12426647432565,27.69826875515251,29.031602088485847,1.5,0.5,0.1788062868877395,0.0291336553633945,0.1849193378995433,0.0306203766721965,117.07481857317131,14246.775867465823,14.246775867465823,16.448879295652773,6003.840942913268,980.67911450081,672.1280159246452,1.0601297617540696e-11,1.8189894035458565e-12,7.24973414634178e-11,7.275957614183426e-11,0.0,3.552713678800501e-15,6.039613253960853e-14,3628.19153635565,3805.7445411963713,23.99999999999998,highs-ds
spain_sabinanigo,Spain,Sabiñánigo,Sabinanigo Ercros,Reforming,1,2024,1066.0,0.6853699706521995,2019,8760,rigid,False,1.0,1.5,0.6,0.0,high_investment_small_cavern,16,2.0,1,optimal,10929.49207260382,optimal,141.07481857317046,25048.25794502601,40.59085756127919,249.12426647432565,27.69826875515251,29.031602088485847,1.5,0.5,0.1788062868877395,0.0291336553633945,0.1849193378995433,0.0306203766721965,141.0748185731705,17167.323812671202,17.167323812671203,-0.0,6003.840942913268,1089.3354741378498,746.597821940258,7.673861546209082e-12,1.8047785488306545e-12,0.0,0.0,0.0,3.552713678800501e-15,0.0,3628.19153635565,3805.7445411963713,0.0,highs-ds
spain_sabinanigo,Spain,Sabiñánigo,Sabinanigo Ercros,Reforming,1,2024,1066.0,0.6853699706521995,2023,8760,flex_ml0p4_b24,True,0.4,1.5,0.6,24.0,high_investment_small_cavern,16,2.0,1,optimal,10929.49207260382,optimal,113.52962715142468,20157.526439182187,40.59085756127919,249.12426647432565,27.69826875515251,29.031602088485847,1.5,0.5,0.1788062868877395,0.0291336553633945,0.184014,0.0294892456264646,113.5296271514246,13815.36330404322,13.815363304043222,16.44887929565326,6003.840942913268,1107.9670882589462,759.3673707636369,9.038103598868474e-12,1.4168222151056398e-11,1.310813679822331e-10,1.3096723705530167e-10,4.440892098500626e-16,3.552713678800501e-15,0.0,3628.19153635565,3894.521043616732,24.00000000000069,highs-ds
spain_sabinanigo,Spain,Sabiñánigo,Sabinanigo Ercros,Reforming,1,2024,1066.0,0.6853699706521995,2023,8760,flex_ml0p6_b24,True,0.6,1.5,0.6,24.0,high_investment_small_cavern,16,2.0,1,optimal,10929.49207260382,optimal,113.52962715142549,20157.52643918233,40.59085756127919,249.12426647432565,27.69826875515251,29.031602088485847,1.5,0.5,0.1788062868877395,0.0291336553633945,0.184014,0.0294892456264646,113.52962715142598,13815.363304043389,13.81536330404339,16.448879295652688,6003.840942913268,1370.0379977824982,938.982902332589,1.7109869077103212e-11,1.1084466677857565e-11,1.9822321561946407e-10,2.0008883439004419e-10,0.0,3.552713678800501e-15,1.6857626405908377e-11,3628.19153635565,3805.7445411963713,23.99999999999985,highs-ds
spain_sabinanigo,Spain,Sabiñánigo,Sabinanigo Ercros,Reforming,1,2024,1066.0,0.6853699706521995,2023,8760,rigid,False,1.0,1.5,0.6,0.0,high_investment_small_cavern,16,2.0,1,optimal,10929.49207260382,optimal,137.5296271514226,24418.798555359128,40.59085756127919,249.12426647432565,27.69826875515251,29.031602088485847,1.5,0.5,0.1788062868877395,0.0291336553633945,0.184014,0.0294892456264646,137.52962715142246,16735.91124924844,16.73591124924844,-0.0,6003.840942913268,1499.5606751241305,1027.7538559010177,7.815970093361102e-12,1.8189894035458565e-12,0.0,0.0,0.0,3.552713678800501e-15,0.0,3628.19153635565,3805.7445411963713,0.0,highs-ds
