scenario,site_id,country,city_cluster,scale_anchor,nh3_equivalent_service_tph,weather_year,wtir,product_buffer_cap_hours,cavern_id,withdrawal_rate_million_sm3_day,ramp_fraction_nameplate_per_hour,renewable_overbuild,minimum_load_fraction_lower_feasible,minimum_load_fraction_upper_infeasible,feasible_at_40pct_minimum_load,feasible_at_66p7pct_minimum_load,status_at_40pct,status_at_66p7pct,threshold_classification,solver_calls,interpretation
central_wtir2_buffer24,netherlands_sluiskil,Netherlands,Sluiskil,high,143.35548063444742,2015,2.0,24.0,high_investment_small_cavern,1.4,0.6,1.5,,,False,False,infeasible,infeasible,infeasible_at_lower_test_bound,2,Conditional one-reference-cavern scenario threshold; not a measured plant operating limit or geological feasibility result.
wtir_1_buffer24,netherlands_sluiskil,Netherlands,Sluiskil,high,143.35548063444742,2015,1.0,24.0,high_investment_small_cavern,1.4,0.6,1.5,,,False,False,infeasible,infeasible,infeasible_at_lower_test_bound,2,Conditional one-reference-cavern scenario threshold; not a measured plant operating limit or geological feasibility result.
wtir_5_buffer24,netherlands_sluiskil,Netherlands,Sluiskil,high,143.35548063444742,2015,5.0,24.0,high_investment_small_cavern,1.4,0.6,1.5,,,False,False,infeasible,infeasible,infeasible_at_lower_test_bound,2,Conditional one-reference-cavern scenario threshold; not a measured plant operating limit or geological feasibility result.
wtir_2_buffer0,netherlands_sluiskil,Netherlands,Sluiskil,high,143.35548063444742,2015,2.0,0.0,high_investment_small_cavern,1.4,0.6,1.5,,,False,False,infeasible,infeasible,infeasible_at_lower_test_bound,2,Conditional one-reference-cavern scenario threshold; not a measured plant operating limit or geological feasibility result.
wtir_2_buffer48,netherlands_sluiskil,Netherlands,Sluiskil,high,143.35548063444742,2015,2.0,48.0,high_investment_small_cavern,1.4,0.6,1.5,,,False,False,infeasible,infeasible,infeasible_at_lower_test_bound,2,Conditional one-reference-cavern scenario threshold; not a measured plant operating limit or geological feasibility result.
exact_table14_rate,netherlands_sluiskil,Netherlands,Sluiskil,high,143.35548063444742,2015,2.0,24.0,high_investment_small_cavern,1.3625,0.6,1.5,,,False,False,infeasible,infeasible,infeasible_at_lower_test_bound,2,Conditional one-reference-cavern scenario threshold; not a measured plant operating limit or geological feasibility result.
mid_cavern,netherlands_sluiskil,Netherlands,Sluiskil,high,143.35548063444742,2015,2.0,24.0,mid_investment_cavern,2.8,0.6,1.5,,,False,False,infeasible,infeasible,infeasible_at_lower_test_bound,2,Conditional one-reference-cavern scenario threshold; not a measured plant operating limit or geological feasibility result.
large_cavern,netherlands_sluiskil,Netherlands,Sluiskil,high,143.35548063444742,2015,2.0,24.0,low_investment_large_cavern,5.9,0.6,1.5,0.5333333333333333,0.55,True,False,optimal,infeasible,crossing_bracketed,6,Conditional one-reference-cavern scenario threshold; not a measured plant operating limit or geological feasibility result.
slow_ramp,netherlands_sluiskil,Netherlands,Sluiskil,high,143.35548063444742,2015,2.0,24.0,high_investment_small_cavern,1.4,0.03,1.5,,,False,False,infeasible,infeasible,infeasible_at_lower_test_bound,2,Conditional one-reference-cavern scenario threshold; not a measured plant operating limit or geological feasibility result.
overbuild2,netherlands_sluiskil,Netherlands,Sluiskil,high,143.35548063444742,2015,2.0,24.0,high_investment_small_cavern,1.4,0.6,2.0,,,False,False,infeasible,infeasible,infeasible_at_lower_test_bound,2,Conditional one-reference-cavern scenario threshold; not a measured plant operating limit or geological feasibility result.
central_wtir2_buffer24,netherlands_sluiskil,Netherlands,Sluiskil,high,143.35548063444742,2019,2.0,24.0,high_investment_small_cavern,1.4,0.6,1.5,,,False,False,infeasible,infeasible,infeasible_at_lower_test_bound,2,Conditional one-reference-cavern scenario threshold; not a measured plant operating limit or geological feasibility result.
wtir_1_buffer24,netherlands_sluiskil,Netherlands,Sluiskil,high,143.35548063444742,2019,1.0,24.0,high_investment_small_cavern,1.4,0.6,1.5,,,False,False,infeasible,infeasible,infeasible_at_lower_test_bound,2,Conditional one-reference-cavern scenario threshold; not a measured plant operating limit or geological feasibility result.
wtir_5_buffer24,netherlands_sluiskil,Netherlands,Sluiskil,high,143.35548063444742,2019,5.0,24.0,high_investment_small_cavern,1.4,0.6,1.5,,,False,False,infeasible,infeasible,infeasible_at_lower_test_bound,2,Conditional one-reference-cavern scenario threshold; not a measured plant operating limit or geological feasibility result.
wtir_2_buffer0,netherlands_sluiskil,Netherlands,Sluiskil,high,143.35548063444742,2019,2.0,0.0,high_investment_small_cavern,1.4,0.6,1.5,,,False,False,infeasible,infeasible,infeasible_at_lower_test_bound,2,Conditional one-reference-cavern scenario threshold; not a measured plant operating limit or geological feasibility result.
wtir_2_buffer48,netherlands_sluiskil,Netherlands,Sluiskil,high,143.35548063444742,2019,2.0,48.0,high_investment_small_cavern,1.4,0.6,1.5,,,False,False,infeasible,infeasible,infeasible_at_lower_test_bound,2,Conditional one-reference-cavern scenario threshold; not a measured plant operating limit or geological feasibility result.
exact_table14_rate,netherlands_sluiskil,Netherlands,Sluiskil,high,143.35548063444742,2019,2.0,24.0,high_investment_small_cavern,1.3625,0.6,1.5,,,False,False,infeasible,infeasible,infeasible_at_lower_test_bound,2,Conditional one-reference-cavern scenario threshold; not a measured plant operating limit or geological feasibility result.
mid_cavern,netherlands_sluiskil,Netherlands,Sluiskil,high,143.35548063444742,2019,2.0,24.0,mid_investment_cavern,2.8,0.6,1.5,,,False,False,infeasible,infeasible,infeasible_at_lower_test_bound,2,Conditional one-reference-cavern scenario threshold; not a measured plant operating limit or geological feasibility result.
large_cavern,netherlands_sluiskil,Netherlands,Sluiskil,high,143.35548063444742,2019,2.0,24.0,low_investment_large_cavern,5.9,0.6,1.5,0.5333333333333333,0.55,True,False,optimal,infeasible,crossing_bracketed,6,Conditional one-reference-cavern scenario threshold; not a measured plant operating limit or geological feasibility result.
slow_ramp,netherlands_sluiskil,Netherlands,Sluiskil,high,143.35548063444742,2019,2.0,24.0,high_investment_small_cavern,1.4,0.03,1.5,,,False,False,infeasible,infeasible,infeasible_at_lower_test_bound,2,Conditional one-reference-cavern scenario threshold; not a measured plant operating limit or geological feasibility result.
overbuild2,netherlands_sluiskil,Netherlands,Sluiskil,high,143.35548063444742,2019,2.0,24.0,high_investment_small_cavern,1.4,0.6,2.0,,,False,False,infeasible,infeasible,infeasible_at_lower_test_bound,2,Conditional one-reference-cavern scenario threshold; not a measured plant operating limit or geological feasibility result.
central_wtir2_buffer24,netherlands_sluiskil,Netherlands,Sluiskil,high,143.35548063444742,2023,2.0,24.0,high_investment_small_cavern,1.4,0.6,1.5,,,False,False,infeasible,infeasible,infeasible_at_lower_test_bound,2,Conditional one-reference-cavern scenario threshold; not a measured plant operating limit or geological feasibility result.
wtir_1_buffer24,netherlands_sluiskil,Netherlands,Sluiskil,high,143.35548063444742,2023,1.0,24.0,high_investment_small_cavern,1.4,0.6,1.5,,,False,False,infeasible,infeasible,infeasible_at_lower_test_bound,2,Conditional one-reference-cavern scenario threshold; not a measured plant operating limit or geological feasibility result.
wtir_5_buffer24,netherlands_sluiskil,Netherlands,Sluiskil,high,143.35548063444742,2023,5.0,24.0,high_investment_small_cavern,1.4,0.6,1.5,,,False,False,infeasible,infeasible,infeasible_at_lower_test_bound,2,Conditional one-reference-cavern scenario threshold; not a measured plant operating limit or geological feasibility result.
wtir_2_buffer0,netherlands_sluiskil,Netherlands,Sluiskil,high,143.35548063444742,2023,2.0,0.0,high_investment_small_cavern,1.4,0.6,1.5,,,False,False,infeasible,infeasible,infeasible_at_lower_test_bound,2,Conditional one-reference-cavern scenario threshold; not a measured plant operating limit or geological feasibility result.
wtir_2_buffer48,netherlands_sluiskil,Netherlands,Sluiskil,high,143.35548063444742,2023,2.0,48.0,high_investment_small_cavern,1.4,0.6,1.5,,,False,False,infeasible,infeasible,infeasible_at_lower_test_bound,2,Conditional one-reference-cavern scenario threshold; not a measured plant operating limit or geological feasibility result.
exact_table14_rate,netherlands_sluiskil,Netherlands,Sluiskil,high,143.35548063444742,2023,2.0,24.0,high_investment_small_cavern,1.3625,0.6,1.5,,,False,False,infeasible,infeasible,infeasible_at_lower_test_bound,2,Conditional one-reference-cavern scenario threshold; not a measured plant operating limit or geological feasibility result.
mid_cavern,netherlands_sluiskil,Netherlands,Sluiskil,high,143.35548063444742,2023,2.0,24.0,mid_investment_cavern,2.8,0.6,1.5,,,False,False,infeasible,infeasible,infeasible_at_lower_test_bound,2,Conditional one-reference-cavern scenario threshold; not a measured plant operating limit or geological feasibility result.
large_cavern,netherlands_sluiskil,Netherlands,Sluiskil,high,143.35548063444742,2023,2.0,24.0,low_investment_large_cavern,5.9,0.6,1.5,0.5333333333333333,0.55,True,False,optimal,infeasible,crossing_bracketed,6,Conditional one-reference-cavern scenario threshold; not a measured plant operating limit or geological feasibility result.
slow_ramp,netherlands_sluiskil,Netherlands,Sluiskil,high,143.35548063444742,2023,2.0,24.0,high_investment_small_cavern,1.4,0.03,1.5,,,False,False,infeasible,infeasible,infeasible_at_lower_test_bound,2,Conditional one-reference-cavern scenario threshold; not a measured plant operating limit or geological feasibility result.
overbuild2,netherlands_sluiskil,Netherlands,Sluiskil,high,143.35548063444742,2023,2.0,24.0,high_investment_small_cavern,1.4,0.6,2.0,,,False,False,infeasible,infeasible,infeasible_at_lower_test_bound,2,Conditional one-reference-cavern scenario threshold; not a measured plant operating limit or geological feasibility result.
