site_id,country,timezone,city_cluster,project_names,process_types,eho_record_count,eho_year,h2_capacity_t_per_year,h2_output_t_per_year_estimate,estimated_utilization,latitude_output_weighted,longitude_output_weighted,nh3_equivalent_service_tph,source_capacity_unit,source_output_unit
france_grand_quevilly,France,Europe/Paris,Grand-Quevilly,Grand-Quevilly Agrofert,Reforming,1,2024,71021.0,33458.0,0.4711000971543628,49.411811,1.041384,21.511358797449617,t H2/year,"t H2/year; EHO estimate, not meter data"
france_grandpuits_bailly_carrois,France,Europe/Paris,Grandpuits-Bailly-Carrois,Grandpuits-Bailly-Carrois LAT Nitrogen,Reforming,1,2024,77946.0,36720.0,0.4710953737202679,48.5854426,2.9781166,23.608616625092655,t H2/year,"t H2/year; EHO estimate, not meter data"
france_le_havre,France,Europe/Paris,Le Havre,Le Havre YARA,Reforming,1,2024,71021.0,33458.0,0.4711000971543628,49.49437,0.107929,21.511358797449617,t H2/year,"t H2/year; EHO estimate, not meter data"
france_ottmarsheim,France,Europe/Paris,Ottmarsheim,Ottmarshein LAT Nitrogen,Reforming,1,2024,46164.0,21747.0,0.4710813621003379,47.78719,7.506512,13.981933163014432,t H2/year,"t H2/year; EHO estimate, not meter data"
italy_ferrara,Italy,Europe/Rome,Ferrara,Ferrara YARA,Reforming,1,2024,106532.0,63919.0,0.5999981226298201,44.8391237,11.619787,41.09583785564535,t H2/year,"t H2/year; EHO estimate, not meter data"
netherlands_geleen,Netherlands,Europe/Amsterdam,Geleen,Geleen OCI Nitrogen,Reforming,1,2024,210222.0,145053.0,0.6899991437623084,50.9682139,5.8277247,93.25982209475939,t H2/year,"t H2/year; EHO estimate, not meter data"
netherlands_sluiskil,Netherlands,Europe/Amsterdam,Sluiskil,Sluiskil YARA,Reforming,1,2024,323146.0,222970.0,0.6899977100134305,51.27770290000001,3.8366881,143.35548063444742,t H2/year,"t H2/year; EHO estimate, not meter data"
poland_kedzierzyn,Poland,Europe/Warsaw,Kedzierzyn,Kedzierzyn Grupa Azoty,Reforming,2,2024,139024.0,74071.0,0.5327928990677868,50.337810078647514,18.1813286,47.62292598140626,t H2/year,"t H2/year; EHO estimate, not meter data"
poland_police,Poland,Europe/Warsaw,Police,Police Grupa Azoty,Reforming,1,2024,105120.0,56007.0,0.532791095890411,53.56268242,14.53863888,36.008926778909704,t H2/year,"t H2/year; EHO estimate, not meter data"
poland_pulawy,Poland,Europe/Warsaw,Pulawy,Pulawy Grupa Azoty,Reforming,1,2024,225000.0,114348.0,0.5082133333333333,51.4164431,21.969309,73.5184666080091,t H2/year,"t H2/year; EHO estimate, not meter data"
poland_tarnow,Poland,Europe/Warsaw,Tarnow,Tarnow Grupa Azoty,Reforming,1,2024,50602.0,26961.0,0.5328050274692699,50.0131011,20.9858407,17.334202419093764,t H2/year,"t H2/year; EHO estimate, not meter data"
poland_wloclawek,Poland,Europe/Warsaw,Wloclawek,Wloclawek Anwil S.A. (Grupa Orlen),By-product | Reforming,2,2024,97787.0,52849.0,0.5404501620869849,52.649261083931584,19.0677357,33.978534314257125,t H2/year,"t H2/year; EHO estimate, not meter data"
spain_huelva,Spain,Europe/Madrid,Huelva,Huelva Fertiberia,Reforming,1,2024,71021.0,47390.0,0.6672674279438476,37.2619585,-6.9427327,30.468745693440656,t H2/year,"t H2/year; EHO estimate, not meter data"
spain_puertollano,Spain,Europe/Madrid,Puertollano,Puertollano Fertiberia,Reforming,1,2024,35511.0,23695.0,0.667258032722255,38.6894458,-4.1078877,15.234372846720328,t H2/year,"t H2/year; EHO estimate, not meter data"
spain_sabinanigo,Spain,Europe/Madrid,Sabiñánigo,Sabinanigo Ercros,Reforming,1,2024,1598.0,1066.0,0.6670838548185232,42.5193594,-0.3638114,0.6853699706521995,t H2/year,"t H2/year; EHO estimate, not meter data"
