variable	source_url	access_and_status	fee_and_license	resolution	acquisition_difficulty	backup	role_and_boundary
Location and annual H2 scale	https://observatory.clean-hydrogen.europa.eu/sites/default/files/2025-09/Hydrogen%20production%20capacity%202024%20%28Update%202025%29_0_0.xlsx	Public direct download; obtained	No download fee; EHO legal notice applies; do not bundle source workbook without a clear redistribution grant	Record/city, reporting year 2024 updated 2025	Low	User-declared service scale and public city coordinates	17 records/15 clusters; estimated output only, not ammonia orders or a plant census
Hourly PV factor	https://re.jrc.ec.europa.eu/api/v5_3/seriescalc	Public API; all 15 profiles obtained	No fee; acknowledge JRC/PVGIS; official public-use notice; API request parameters retained	Hourly point reanalysis/PV model, 2005–2023	Low	PVGIS public geodata or a transparently changed reanalysis source	1-kWp modeled profile, not observed PV yield
Hourly wind speed	https://archive-api.open-meteo.com/v1/archive	Public API; all 15 profiles obtained	CC BY 4.0; free API non-commercial terms and call limits, https://open-meteo.com/en/terms	Hourly ERA5 wind at 100 m, 2005–2023	Low	Copernicus ERA5 under its public registration process	Generic 3/12/25 m/s conversion is a declared proxy, not a turbine calibration
Working-gas and withdrawal archetype	https://hystories.eu/wp-content/uploads/2022/05/Hystories_D7.1-1-Conceptual-design-of-salt-cavern-and-porous-media-underground-storage-site.pdf	Public report; obtained and table values checked	No fee; cite authors/report; bundle extracted model parameters, not the entire report	Conceptual static storage site and generic well rates	Low	Declared generic reference volume/rate scenarios	15.6 million Sm3 and rounded 1.4 million Sm3/day; no local cavern availability
Withdrawal-to-injection ratio	https://hystories.eu/wp-content/uploads/2022/05/Hystories_D7.2-1-Life-Cycle-Cost-Assessment-of-an-underground-storage-site.pdf	Public report; obtained	No fee; cite authors/report	Conceptual 1–5 ratio, central 2	Low	Explicit user-independent directional-rate scenarios	Not a measured cluster-specific injection rate
Electrolysis efficiency	https://www.irena.org/-/media/Files/IRENA/Agency/Publication/2022/Mar/IRENA_Tech_Innovation_Indicators_2022_.pdf	Public report; source checked	No fee; report attribution	Technology-level mean 52 kWh/kg H2	Low	Published efficiency ranges with changed assumptions	Fixed conversion, not part-load curve
Auxiliary electricity	https://doi.org/10.1038/s44286-025-00207-9	Public publisher article; source checked	Article/source licence applies; cite paper	Technology-level 1.6 GJ/t NH3 split	Low	Explicit alternative auxiliary-load assumptions	Proportional 1.6/3.6 MWh/t, no fixed thermal loads
Process floor and ramp	https://doi.org/10.1016/j.ijhydene.2025.01.039	Public literature accessible; scenario only	Paper licence applies; no private data	Conditional floor/ramp envelope	Medium	Additional literature-bounded or user-declared process cases	60%/40% floor not plant-calibrated; unavailable telemetry excluded
Hourly product service and buffer	Declared reproducible model scenario	Reasonable proxy, not observable factory contracts	No third-party licence	Hourly constant service; 0/24/48 h product buffer	Low	Alternative explicit service contracts outside this article	No measured demand or off-take inference
Factory outages, linepack, geology, private costs	No verified admissible source	Unavailable; excluded from core	Not admissible	Not used	Not applicable	Narrow conditional physical screen	No reliability probability, real construction reduction, LCA or commercial-cost claims
Ammonia product-storage engineering	https://bureau-industrial-transformation.jrc.ec.europa.eu/sites/default/files/2022-03/efs_bref_0706_0.pdf	Public direct download obtained and sections 3.1.10/4.1.2.2 read	No fee; acknowledge EC/JRC; official reuse rules subject to third-party rights; complete report not redistributed	Generic storage/containment and inspection guidance, adopted 2006	Low	Official BREF catalog https://bureau-industrial-transformation.jrc.ec.europa.eu/reference/	Engineering discussion only; no current tank cost/density or typical 24-h allowance inferred
