site_id,weather_year,process_case,eho_service_scale_tph,bundled_working_gas_allowance_kg_per_normalized_tph,maximum_service_tph_per_reference_module,max_primal_residual,status
spain_sabinanigo,2015,rigid,0.6853699706521995,111916.27619568136,11.88392292726468,6.298250809777528e-11,optimal
spain_sabinanigo,2015,flex_ml0p6_b24,0.6853699706521995,92447.58959358356,14.38657737278912,6.728013701717828e-10,optimal
spain_sabinanigo,2015,flex_ml0p4_b24,0.6853699706521995,79976.53974295118,16.62993178863012,2.039087121374905e-09,optimal
spain_sabinanigo,2019,rigid,0.6853699706521995,86208.75718688955,15.427718065029808,6.323830348264892e-11,optimal
spain_sabinanigo,2019,flex_ml0p6_b24,0.6853699706521995,72132.40780449487,18.438375219925295,6.347296022113369e-10,optimal
spain_sabinanigo,2019,flex_ml0p4_b24,0.6853699706521995,53978.40373421481,24.639565244737057,4.297930900065694e-10,optimal
spain_sabinanigo,2023,rigid,0.6853699706521995,92906.47714730927,14.31551858873236,9.694645086710807e-11,optimal
spain_sabinanigo,2023,flex_ml0p6_b24,0.6853699706521995,77484.58276842363,17.164761725450564,6.582352440887007e-10,optimal
spain_sabinanigo,2023,flex_ml0p4_b24,0.6853699706521995,64509.74954963401,20.617106869910174,2.179007196900784e-09,optimal
spain_huelva,2015,rigid,30.468745693440656,66029.41296572056,20.1426052554249,3.1747049433761276e-11,optimal
spain_huelva,2015,flex_ml0p6_b24,30.468745693440656,53743.791036373776,24.74712659767149,5.038600647822022e-10,optimal
spain_huelva,2015,flex_ml0p4_b24,30.468745693440656,36206.81588298207,36.733536716247755,3.67435859516263e-10,optimal
spain_huelva,2019,rigid,30.468745693440656,47611.951995243,27.934254843171047,2.653166575328214e-11,optimal
spain_huelva,2019,flex_ml0p6_b24,30.468745693440656,42734.47179366388,31.12251877214357,5.566107574850321e-10,optimal
spain_huelva,2019,flex_ml0p4_b24,30.468745693440656,28489.64786244259,46.68377815821535,4.147295840084553e-10,optimal
spain_huelva,2023,rigid,30.468745693440656,68957.97194845475,19.28717395590036,2.8990143619012088e-11,optimal
spain_huelva,2023,flex_ml0p6_b24,30.468745693440656,55943.08404759468,23.77424168257182,5.402398528531194e-10,optimal
spain_huelva,2023,flex_ml0p4_b24,30.468745693440656,37706.42216459231,35.27262265325365,9.517009402770782e-10,optimal
netherlands_sluiskil,2015,rigid,143.35548063444742,56988.555729140804,23.33809628265159,5.368860911403317e-11,optimal
netherlands_sluiskil,2015,flex_ml0p6_b24,143.35548063444742,45433.698160721455,29.273522835650773,4.993516711238044e-10,optimal
netherlands_sluiskil,2015,flex_ml0p4_b24,143.35548063444742,35044.83211292173,37.95151297430656,3.41970007866621e-10,optimal
netherlands_sluiskil,2019,rigid,143.35548063444742,56412.5609679846,23.576387559691742,1.9262813566456316e-10,optimal
netherlands_sluiskil,2019,flex_ml0p6_b24,143.35548063444742,43712.242430866405,30.42635945111779,5.50388179476613e-10,optimal
netherlands_sluiskil,2019,flex_ml0p4_b24,143.35548063444742,28489.64786244259,46.68377815821535,3.637978807091713e-10,optimal
netherlands_sluiskil,2023,rigid,143.35548063444742,49470.010767829684,26.885063899780775,1.2813927696697647e-10,optimal
netherlands_sluiskil,2023,flex_ml0p6_b24,143.35548063444742,42734.47179366388,31.12251877214357,4.112676865730691e-10,optimal
netherlands_sluiskil,2023,flex_ml0p4_b24,143.35548063444742,28489.64786244259,46.68377815821535,3.838067641481757e-10,optimal
