site_id,weather_year,process_case,continuous_maximum_service_tph,interval_upper_bound_service_tph,interval_bound_gap_pct,instantaneous_withdrawal_ceiling_tph,instantaneous_ceiling_attained,minimum_eligible_h2_kgph_per_normalized_tph,predicted_integer_count,independent_integer_count,distance_of_scaled_continuous_count_to_integer
netherlands_sluiskil,2015,rigid,23.33809628265159,28.010266894929213,20.01950182950736,28.010266894929213,False,0.0,7,7,0.14255245578924658
netherlands_sluiskil,2015,flex_ml0p6_b24,29.273522835650773,31.122518772143575,6.31627408451505,31.122518772143575,False,0.0,5,5,0.10289617552070407
netherlands_sluiskil,2015,flex_ml0p4_b24,37.95151297430656,46.68377815821535,23.00900412012714,46.683778158215354,False,0.0,4,4,0.22266757239691382
netherlands_sluiskil,2019,rigid,23.576387559691742,28.010266894929213,18.806440655980804,28.010266894929213,False,0.0,7,7,0.0804684463000811
netherlands_sluiskil,2019,flex_ml0p6_b24,30.42635945111779,31.122518772143575,2.2880138589837395,31.122518772143575,False,0.0,5,5,0.28844451914272984
netherlands_sluiskil,2019,flex_ml0p4_b24,46.68377815821535,46.68377815821535,0.0,46.683778158215354,True,0.0,4,4,0.07077717978616338
netherlands_sluiskil,2023,rigid,26.88506389978077,28.010266894929213,4.1852345947283265,28.010266894929213,False,0.0,6,6,0.33216068106932717
netherlands_sluiskil,2023,flex_ml0p6_b24,31.12251877214357,31.122518772143575,2.220446049250313e-14,31.122518772143575,True,0.0,5,5,0.39383423032075626
netherlands_sluiskil,2023,flex_ml0p4_b24,46.68377815821535,46.68377815821535,0.0,46.683778158215354,True,0.0,4,4,0.07077717978616338
spain_huelva,2015,rigid,20.1426052554249,28.010266894929213,39.059801548686735,28.010266894929213,False,0.0,2,2,0.4873483192927752
spain_huelva,2015,flex_ml0p6_b24,24.74712659767149,31.122518772143575,25.76215121100953,31.122518772143575,False,0.0,2,2,0.23120337115451317
spain_huelva,2015,flex_ml0p4_b24,36.73353671624776,46.68377815821535,27.087621643484304,46.683778158215354,False,0.0,1,1,0.17054690571180697
spain_huelva,2019,rigid,27.934254843171047,28.010266894929213,0.2721105402127666,28.010266894929213,False,0.0,2,2,0.09073056949250269
spain_huelva,2019,flex_ml0p6_b24,31.12251877214357,31.122518772143575,2.220446049250313e-14,31.122518772143575,True,0.0,1,1,0.021006432142891995
spain_huelva,2019,flex_ml0p4_b24,46.68377815821535,46.68377815821535,0.0,46.683778158215354,True,0.0,1,1,0.3473376214285945
spain_huelva,2023,rigid,19.28717395590036,28.010266894929213,45.22742916600424,28.010266894929213,False,0.0,2,2,0.4202586774450898
spain_huelva,2023,flex_ml0p6_b24,23.77424168257182,31.122518772143575,30.908565613508323,31.122518772143575,False,0.0,2,2,0.28158643713024833
spain_huelva,2023,flex_ml0p4_b24,35.27262265325365,46.68377815821535,32.3513100149617,46.683778158215354,False,0.0,1,1,0.13619279198593615
spain_sabinanigo,2015,rigid,11.88392292726468,28.010266894929213,135.69882661109057,28.010266894929213,False,0.0,1,1,0.057672030931788534
spain_sabinanigo,2015,flex_ml0p6_b24,14.38657737278912,31.122518772143575,116.33024982723788,31.122518772143575,False,0.0,1,1,0.04763954294984111
spain_sabinanigo,2015,flex_ml0p4_b24,16.62993178863012,32.51327277253514,95.51056002986407,46.683778158215354,False,0.0,1,1,0.04121303558928526
spain_sabinanigo,2019,rigid,15.427718065029808,28.010266894929213,81.55806825651307,28.010266894929213,False,0.0,1,1,0.04442458487789816
spain_sabinanigo,2019,flex_ml0p6_b24,18.43837521992529,31.122518772143575,68.79208932960243,31.122518772143575,False,0.0,1,1,0.03717084409430824
spain_sabinanigo,2019,flex_ml0p4_b24,24.639565244737057,46.68377815821535,89.46672838794049,46.683778158215354,False,0.0,1,1,0.027815830508559507
spain_sabinanigo,2023,rigid,14.31551858873236,28.010266894929213,95.66365494419384,28.010266894929213,False,0.0,1,1,0.04787601415932282
spain_sabinanigo,2023,flex_ml0p6_b24,17.164761725450564,31.122518772143575,81.31634606961973,31.122518772143575,False,0.0,1,1,0.03992889511748868
spain_sabinanigo,2023,flex_ml0p4_b24,20.61710686991017,46.68377815821535,126.4322460604229,46.683778158215354,False,0.0,1,1,0.03324278110293298
