site_id,weather_year,process_case_rigid,eho_service_scale_tph_rigid,bundled_working_gas_allowance_kg_per_normalized_tph_rigid,maximum_service_tph_per_reference_module_rigid,max_primal_residual_rigid,status_rigid,process_case_flex,eho_service_scale_tph_flex,bundled_working_gas_allowance_kg_per_normalized_tph_flex,maximum_service_tph_per_reference_module_flex,max_primal_residual_flex,status_flex,flex_case,service_capacity_gain_pct,bundled_allowance_reduction_pct
spain_sabinanigo,2015,rigid,0.6853699706521995,111916.27619568136,11.88392292726468,6.298250809777528e-11,optimal,flex_ml0p6_b24,0.6853699706521995,92447.58959358356,14.38657737278912,6.728013701717828e-10,optimal,flex_ml0p6_b24,21.059160858261095,17.39575981607675
spain_sabinanigo,2019,rigid,0.6853699706521995,86208.75718688955,15.427718065029808,6.323830348264892e-11,optimal,flex_ml0p6_b24,0.6853699706521995,72132.40780449487,18.43837521992529,6.347296022113368e-10,optimal,flex_ml0p6_b24,19.514597960665192,16.32821286575209
spain_sabinanigo,2023,rigid,0.6853699706521995,92906.47714730928,14.31551858873236,9.694645086710807e-11,optimal,flex_ml0p6_b24,0.6853699706521995,77484.58276842363,17.164761725450564,6.582352440887006e-10,optimal,flex_ml0p6_b24,19.90317793279821,16.59937482553906
spain_huelva,2015,rigid,30.468745693440656,66029.41296572056,20.1426052554249,3.174704943376128e-11,optimal,flex_ml0p6_b24,30.468745693440656,53743.791036373776,24.74712659767149,5.038600647822021e-10,optimal,flex_ml0p6_b24,22.859611673154735,18.60628677060163
spain_huelva,2019,rigid,30.468745693440656,47611.951995243,27.934254843171047,2.6531665753282138e-11,optimal,flex_ml0p6_b24,30.468745693440656,42734.47179366388,31.12251877214357,5.566107574850321e-10,optimal,flex_ml0p6_b24,11.413456155791968,10.244234897293103
spain_huelva,2023,rigid,30.468745693440656,68957.97194845475,19.28717395590036,2.8990143619012088e-11,optimal,flex_ml0p6_b24,30.468745693440656,55943.08404759468,23.77424168257182,5.402398528531194e-10,optimal,flex_ml0p6_b24,23.264516289068716,18.873652361163607
netherlands_sluiskil,2015,rigid,143.35548063444742,56988.5557291408,23.33809628265159,5.368860911403317e-11,optimal,flex_ml0p6_b24,143.35548063444742,45433.698160721455,29.273522835650773,4.993516711238043e-10,optimal,flex_ml0p6_b24,25.43235095576879,20.275750842569305
netherlands_sluiskil,2019,rigid,143.35548063444742,56412.5609679846,23.576387559691742,1.9262813566456319e-10,optimal,flex_ml0p6_b24,143.35548063444742,43712.242430866405,30.42635945111779,5.50388179476613e-10,optimal,flex_ml0p6_b24,29.054374314483013,22.51328129620974
netherlands_sluiskil,2023,rigid,143.35548063444742,49470.01076782968,26.88506389978077,1.2813927696697647e-10,optimal,flex_ml0p6_b24,143.35548063444742,42734.47179366388,31.12251877214357,4.1126768657306906e-10,optimal,flex_ml0p6_b24,15.761371771920363,13.615398237483134
spain_sabinanigo,2015,rigid,0.6853699706521995,111916.27619568136,11.88392292726468,6.298250809777528e-11,optimal,flex_ml0p4_b24,0.6853699706521995,79976.53974295118,16.62993178863012,2.039087121374905e-09,optimal,flex_ml0p4_b24,39.936382038265435,28.53895567154573
spain_sabinanigo,2019,rigid,0.6853699706521995,86208.75718688955,15.427718065029808,6.323830348264892e-11,optimal,flex_ml0p4_b24,0.6853699706521995,53978.40373421481,24.639565244737057,4.2979309000656935e-10,optimal,flex_ml0p4_b24,59.70971948591577,37.38640308060985
spain_sabinanigo,2023,rigid,0.6853699706521995,92906.47714730928,14.31551858873236,9.694645086710807e-11,optimal,flex_ml0p4_b24,0.6853699706521995,64509.74954963401,20.61710686991017,2.179007196900784e-09,optimal,flex_ml0p4_b24,44.01928049003929,30.564852386610685
spain_huelva,2015,rigid,30.468745693440656,66029.41296572056,20.1426052554249,3.174704943376128e-11,optimal,flex_ml0p4_b24,30.468745693440656,36206.81588298207,36.73353671624776,3.67435859516263e-10,optimal,flex_ml0p4_b24,82.36735640914432,45.1656250498865
spain_huelva,2019,rigid,30.468745693440656,47611.951995243,27.934254843171047,2.6531665753282138e-11,optimal,flex_ml0p4_b24,30.468745693440656,28489.64786244259,46.68377815821535,4.147295840084553e-10,optimal,flex_ml0p4_b24,67.12018423368792,40.162823264862055
spain_huelva,2023,rigid,30.468745693440656,68957.97194845475,19.28717395590036,2.8990143619012088e-11,optimal,flex_ml0p4_b24,30.468745693440656,37706.42216459231,35.27262265325365,9.517009402770782e-10,optimal,flex_ml0p4_b24,82.88123876470246,45.31970546816921
netherlands_sluiskil,2015,rigid,143.35548063444742,56988.5557291408,23.33809628265159,5.368860911403317e-11,optimal,flex_ml0p4_b24,143.35548063444742,35044.83211292173,37.95151297430656,3.41970007866621e-10,optimal,flex_ml0p4_b24,62.6161470698785,38.50549173506824
netherlands_sluiskil,2019,rigid,143.35548063444742,56412.5609679846,23.576387559691742,1.9262813566456319e-10,optimal,flex_ml0p4_b24,143.35548063444742,28489.64786244259,46.68377815821535,3.6379788070917124e-10,optimal,flex_ml0p4_b24,98.01073442663466,49.497687441257796
netherlands_sluiskil,2023,rigid,143.35548063444742,49470.01076782968,26.88506389978077,1.2813927696697647e-10,optimal,flex_ml0p4_b24,143.35548063444742,28489.64786244259,46.68377815821535,3.8380676414817566e-10,optimal,flex_ml0p4_b24,73.64205765788053,42.41026549165541
