site_id,weather_year,process_case,eho_scale_factor,scenario_service_scale_tph,continuous_reference_module_equivalents,integer_reference_modules,distance_to_nearest_integer
spain_sabinanigo,2015,rigid,0.5,0.34268498532609976,0.028836015465894267,1,0.028836015465894267
spain_sabinanigo,2015,rigid,0.75,0.5140274779891496,0.0432540231988414,1,0.0432540231988414
spain_sabinanigo,2015,rigid,1.0,0.6853699706521995,0.057672030931788534,1,0.057672030931788534
spain_sabinanigo,2015,rigid,1.25,0.8567124633152494,0.07209003866473566,1,0.07209003866473566
spain_sabinanigo,2015,rigid,1.5,1.0280549559782992,0.0865080463976828,1,0.0865080463976828
spain_sabinanigo,2015,flex_ml0p6_b24,0.5,0.34268498532609976,0.023819771474920554,1,0.023819771474920554
spain_sabinanigo,2015,flex_ml0p6_b24,0.75,0.5140274779891496,0.035729657212380826,1,0.035729657212380826
spain_sabinanigo,2015,flex_ml0p6_b24,1.0,0.6853699706521995,0.04763954294984111,1,0.04763954294984111
spain_sabinanigo,2015,flex_ml0p6_b24,1.25,0.8567124633152494,0.059549428687301384,1,0.059549428687301384
spain_sabinanigo,2015,flex_ml0p6_b24,1.5,1.0280549559782992,0.07145931442476165,1,0.07145931442476165
spain_sabinanigo,2015,flex_ml0p4_b24,0.5,0.34268498532609976,0.02060651779464263,1,0.02060651779464263
spain_sabinanigo,2015,flex_ml0p4_b24,0.75,0.5140274779891496,0.030909776691963948,1,0.030909776691963948
spain_sabinanigo,2015,flex_ml0p4_b24,1.0,0.6853699706521995,0.04121303558928526,1,0.04121303558928526
spain_sabinanigo,2015,flex_ml0p4_b24,1.25,0.8567124633152494,0.051516294486606586,1,0.051516294486606586
spain_sabinanigo,2015,flex_ml0p4_b24,1.5,1.0280549559782992,0.061819553383927896,1,0.061819553383927896
spain_sabinanigo,2019,rigid,0.5,0.34268498532609976,0.02221229243894908,1,0.02221229243894908
spain_sabinanigo,2019,rigid,0.75,0.5140274779891496,0.03331843865842362,1,0.03331843865842362
spain_sabinanigo,2019,rigid,1.0,0.6853699706521995,0.04442458487789816,1,0.04442458487789816
spain_sabinanigo,2019,rigid,1.25,0.8567124633152494,0.05553073109737271,1,0.05553073109737271
spain_sabinanigo,2019,rigid,1.5,1.0280549559782992,0.06663687731684724,1,0.06663687731684724
spain_sabinanigo,2019,flex_ml0p6_b24,0.5,0.34268498532609976,0.01858542204715412,1,0.01858542204715412
spain_sabinanigo,2019,flex_ml0p6_b24,0.75,0.5140274779891496,0.027878133070731184,1,0.027878133070731184
spain_sabinanigo,2019,flex_ml0p6_b24,1.0,0.6853699706521995,0.03717084409430824,1,0.03717084409430824
spain_sabinanigo,2019,flex_ml0p6_b24,1.25,0.8567124633152494,0.04646355511788531,1,0.04646355511788531
spain_sabinanigo,2019,flex_ml0p6_b24,1.5,1.0280549559782992,0.05575626614146237,1,0.05575626614146237
spain_sabinanigo,2019,flex_ml0p4_b24,0.5,0.34268498532609976,0.013907915254279753,1,0.013907915254279753
spain_sabinanigo,2019,flex_ml0p4_b24,0.75,0.5140274779891496,0.02086187288141963,1,0.02086187288141963
spain_sabinanigo,2019,flex_ml0p4_b24,1.0,0.6853699706521995,0.027815830508559507,1,0.027815830508559507
spain_sabinanigo,2019,flex_ml0p4_b24,1.25,0.8567124633152494,0.034769788135699385,1,0.034769788135699385
spain_sabinanigo,2019,flex_ml0p4_b24,1.5,1.0280549559782992,0.04172374576283926,1,0.04172374576283926
spain_sabinanigo,2023,rigid,0.5,0.34268498532609976,0.02393800707966141,1,0.02393800707966141
spain_sabinanigo,2023,rigid,0.75,0.5140274779891496,0.035907010619492113,1,0.035907010619492113
spain_sabinanigo,2023,rigid,1.0,0.6853699706521995,0.04787601415932282,1,0.04787601415932282
spain_sabinanigo,2023,rigid,1.25,0.8567124633152494,0.05984501769915353,1,0.05984501769915353
spain_sabinanigo,2023,rigid,1.5,1.0280549559782992,0.07181402123898423,1,0.07181402123898423
spain_sabinanigo,2023,flex_ml0p6_b24,0.5,0.34268498532609976,0.01996444755874434,1,0.01996444755874434
spain_sabinanigo,2023,flex_ml0p6_b24,0.75,0.5140274779891496,0.029946671338116505,1,0.029946671338116505
spain_sabinanigo,2023,flex_ml0p6_b24,1.0,0.6853699706521995,0.03992889511748868,1,0.03992889511748868
spain_sabinanigo,2023,flex_ml0p6_b24,1.25,0.8567124633152494,0.04991111889686085,1,0.04991111889686085
spain_sabinanigo,2023,flex_ml0p6_b24,1.5,1.0280549559782992,0.05989334267623301,1,0.05989334267623301
spain_sabinanigo,2023,flex_ml0p4_b24,0.5,0.34268498532609976,0.01662139055146649,1,0.01662139055146649
spain_sabinanigo,2023,flex_ml0p4_b24,0.75,0.5140274779891496,0.024932085827199732,1,0.024932085827199732
spain_sabinanigo,2023,flex_ml0p4_b24,1.0,0.6853699706521995,0.03324278110293298,1,0.03324278110293298
spain_sabinanigo,2023,flex_ml0p4_b24,1.25,0.8567124633152494,0.04155347637866622,1,0.04155347637866622
spain_sabinanigo,2023,flex_ml0p4_b24,1.5,1.0280549559782992,0.049864171654399464,1,0.049864171654399464
spain_huelva,2015,rigid,0.5,15.234372846720328,0.7563258403536124,1,0.2436741596463876
spain_huelva,2015,rigid,0.75,22.851559270080493,1.1344887605304188,2,0.1344887605304188
spain_huelva,2015,rigid,1.0,30.468745693440656,1.5126516807072248,2,0.4873483192927752
spain_huelva,2015,rigid,1.25,38.08593211680082,1.890814600884031,2,0.10918539911596903
spain_huelva,2015,rigid,1.5,45.703118540160986,2.2689775210608376,3,0.2689775210608376
spain_huelva,2015,flex_ml0p6_b24,0.5,15.234372846720328,0.6156016855772566,1,0.3843983144227434
spain_huelva,2015,flex_ml0p6_b24,0.75,22.851559270080493,0.923402528365885,1,0.07659747163411501
spain_huelva,2015,flex_ml0p6_b24,1.0,30.468745693440656,1.2312033711545132,2,0.23120337115451317
spain_huelva,2015,flex_ml0p6_b24,1.25,38.08593211680082,1.5390042139431415,2,0.46099578605685854
spain_huelva,2015,flex_ml0p6_b24,1.5,45.703118540160986,1.84680505673177,2,0.15319494326823002
spain_huelva,2015,flex_ml0p4_b24,0.5,15.234372846720328,0.4147265471440965,1,0.4147265471440965
spain_huelva,2015,flex_ml0p4_b24,0.75,22.851559270080493,0.6220898207161448,1,0.3779101792838552
spain_huelva,2015,flex_ml0p4_b24,1.0,30.468745693440656,0.829453094288193,1,0.17054690571180697
spain_huelva,2015,flex_ml0p4_b24,1.25,38.08593211680082,1.0368163678602413,2,0.03681636786024134
spain_huelva,2015,flex_ml0p4_b24,1.5,45.703118540160986,1.2441796414322897,2,0.24417964143228965
spain_huelva,2019,rigid,0.5,15.234372846720328,0.5453652847462513,1,0.45463471525374866
spain_huelva,2019,rigid,0.75,22.851559270080493,0.818047927119377,1,0.18195207288062298
spain_huelva,2019,rigid,1.0,30.468745693440656,1.0907305694925027,2,0.09073056949250269
spain_huelva,2019,rigid,1.25,38.08593211680082,1.3634132118656284,2,0.36341321186562836
spain_huelva,2019,rigid,1.5,45.703118540160986,1.636095854238754,2,0.36390414576124597
spain_huelva,2019,flex_ml0p6_b24,0.5,15.234372846720328,0.489496783928554,1,0.489496783928554
spain_huelva,2019,flex_ml0p6_b24,0.75,22.851559270080493,0.734245175892831,1,0.265754824107169
spain_huelva,2019,flex_ml0p6_b24,1.0,30.468745693440656,0.978993567857108,1,0.021006432142891995
spain_huelva,2019,flex_ml0p6_b24,1.25,38.08593211680082,1.223741959821385,2,0.223741959821385
spain_huelva,2019,flex_ml0p6_b24,1.5,45.703118540160986,1.468490351785662,2,0.468490351785662
spain_huelva,2019,flex_ml0p4_b24,0.5,15.234372846720328,0.32633118928570276,1,0.32633118928570276
spain_huelva,2019,flex_ml0p4_b24,0.75,22.851559270080493,0.48949678392855417,1,0.48949678392855417
spain_huelva,2019,flex_ml0p4_b24,1.0,30.468745693440656,0.6526623785714055,1,0.3473376214285945
spain_huelva,2019,flex_ml0p4_b24,1.25,38.08593211680082,0.8158279732142568,1,0.18417202678574318
spain_huelva,2019,flex_ml0p4_b24,1.5,45.703118540160986,0.9789935678571083,1,0.021006432142891662
spain_huelva,2023,rigid,0.5,15.234372846720328,0.7898706612774551,1,0.2101293387225449
spain_huelva,2023,rigid,0.75,22.851559270080493,1.1848059919161826,2,0.18480599191618263
spain_huelva,2023,rigid,1.0,30.468745693440656,1.5797413225549102,2,0.4202586774450898
spain_huelva,2023,rigid,1.25,38.08593211680082,1.9746766531936377,2,0.02532334680636228
spain_huelva,2023,rigid,1.5,45.703118540160986,2.3696119838323653,3,0.36961198383236527
spain_huelva,2023,flex_ml0p6_b24,0.5,15.234372846720328,0.6407932185651242,1,0.35920678143487583
spain_huelva,2023,flex_ml0p6_b24,0.75,22.851559270080493,0.9611898278476863,1,0.03881017215231375
spain_huelva,2023,flex_ml0p6_b24,1.0,30.468745693440656,1.2815864371302483,2,0.28158643713024833
spain_huelva,2023,flex_ml0p6_b24,1.25,38.08593211680082,1.6019830464128102,2,0.3980169535871898
spain_huelva,2023,flex_ml0p6_b24,1.5,45.703118540160986,1.9223796556953725,2,0.0776203443046275
spain_huelva,2023,flex_ml0p4_b24,0.5,15.234372846720328,0.4319036040070319,1,0.4319036040070319
spain_huelva,2023,flex_ml0p4_b24,0.75,22.851559270080493,0.6478554060105479,1,0.3521445939894521
spain_huelva,2023,flex_ml0p4_b24,1.0,30.468745693440656,0.8638072080140639,1,0.13619279198593615
spain_huelva,2023,flex_ml0p4_b24,1.25,38.08593211680082,1.0797590100175798,2,0.07975901001757979
spain_huelva,2023,flex_ml0p4_b24,1.5,45.703118540160986,1.2957108120210958,2,0.29571081202109584
netherlands_sluiskil,2015,rigid,0.5,71.67774031722371,3.0712762278946233,4,0.07127622789462329
netherlands_sluiskil,2015,rigid,0.75,107.51661047583556,4.606914341841935,5,0.39308565815806507
netherlands_sluiskil,2015,rigid,1.0,143.35548063444742,6.142552455789247,7,0.14255245578924658
netherlands_sluiskil,2015,rigid,1.25,179.19435079305927,7.678190569736558,8,0.3218094302634418
netherlands_sluiskil,2015,rigid,1.5,215.03322095167113,9.21382868368387,10,0.21382868368386987
netherlands_sluiskil,2015,flex_ml0p6_b24,0.5,71.67774031722371,2.448551912239648,3,0.44855191223964797
netherlands_sluiskil,2015,flex_ml0p6_b24,0.75,107.51661047583556,3.672827868359472,4,0.32717213164052783
netherlands_sluiskil,2015,flex_ml0p6_b24,1.0,143.35548063444742,4.897103824479296,5,0.10289617552070407
netherlands_sluiskil,2015,flex_ml0p6_b24,1.25,179.19435079305927,6.121379780599121,7,0.12137978059912058
netherlands_sluiskil,2015,flex_ml0p6_b24,1.5,215.03322095167113,7.345655736718944,8,0.34565573671894434
netherlands_sluiskil,2015,flex_ml0p4_b24,0.5,71.67774031722371,1.888666213801543,2,0.11133378619845691
netherlands_sluiskil,2015,flex_ml0p4_b24,0.75,107.51661047583556,2.8329993207023145,3,0.16700067929768547
netherlands_sluiskil,2015,flex_ml0p4_b24,1.0,143.35548063444742,3.777332427603086,4,0.22266757239691382
netherlands_sluiskil,2015,flex_ml0p4_b24,1.25,179.19435079305927,4.721665534503858,5,0.27833446549614216
netherlands_sluiskil,2015,flex_ml0p4_b24,1.5,215.03322095167113,5.665998641404629,6,0.33400135859537095
netherlands_sluiskil,2019,rigid,0.5,71.67774031722371,3.0402342231500405,4,0.04023422315004055
netherlands_sluiskil,2019,rigid,0.75,107.51661047583556,4.560351334725061,5,0.4396486652749392
netherlands_sluiskil,2019,rigid,1.0,143.35548063444742,6.080468446300081,7,0.0804684463000811
netherlands_sluiskil,2019,rigid,1.25,179.19435079305927,7.600585557875102,8,0.39941444212489774
netherlands_sluiskil,2019,rigid,1.5,215.03322095167113,9.120702669450122,10,0.12070266945012165
netherlands_sluiskil,2019,flex_ml0p6_b24,0.5,71.67774031722371,2.355777740428635,3,0.3557777404286351
netherlands_sluiskil,2019,flex_ml0p6_b24,0.75,107.51661047583556,3.5336666106429524,4,0.4663333893570476
netherlands_sluiskil,2019,flex_ml0p6_b24,1.0,143.35548063444742,4.71155548085727,5,0.28844451914272984
netherlands_sluiskil,2019,flex_ml0p6_b24,1.25,179.19435079305927,5.889444351071587,6,0.11055564892841296
netherlands_sluiskil,2019,flex_ml0p6_b24,1.5,215.03322095167113,7.067333221285905,8,0.0673332212859048
netherlands_sluiskil,2019,flex_ml0p4_b24,0.5,71.67774031722371,1.5353885898930817,2,0.4646114101069183
netherlands_sluiskil,2019,flex_ml0p4_b24,0.75,107.51661047583556,2.3030828848396228,3,0.30308288483962276
netherlands_sluiskil,2019,flex_ml0p4_b24,1.0,143.35548063444742,3.0707771797861634,4,0.07077717978616338
netherlands_sluiskil,2019,flex_ml0p4_b24,1.25,179.19435079305927,3.8384714747327044,4,0.16152852526729555
netherlands_sluiskil,2019,flex_ml0p4_b24,1.5,215.03322095167113,4.6061657696792455,5,0.3938342303207545
netherlands_sluiskil,2023,rigid,0.5,71.67774031722371,2.6660803405346636,3,0.3339196594653364
netherlands_sluiskil,2023,rigid,0.75,107.51661047583556,3.9991205108019954,4,0.0008794891980046238
netherlands_sluiskil,2023,rigid,1.0,143.35548063444742,5.332160681069327,6,0.33216068106932717
netherlands_sluiskil,2023,rigid,1.25,179.19435079305927,6.6652008513366585,7,0.3347991486633415
netherlands_sluiskil,2023,rigid,1.5,215.03322095167113,7.998241021603991,8,0.0017589783960092475
netherlands_sluiskil,2023,flex_ml0p6_b24,0.5,71.67774031722371,2.303082884839622,3,0.30308288483962187
netherlands_sluiskil,2023,flex_ml0p6_b24,0.75,107.51661047583556,3.4546243272594332,4,0.45462432725943325
netherlands_sluiskil,2023,flex_ml0p6_b24,1.0,143.35548063444742,4.606165769679244,5,0.39383423032075626
netherlands_sluiskil,2023,flex_ml0p6_b24,1.25,179.19435079305927,5.757707212099055,6,0.24229278790094533
netherlands_sluiskil,2023,flex_ml0p6_b24,1.5,215.03322095167113,6.9092486545188665,7,0.0907513454811335
netherlands_sluiskil,2023,flex_ml0p4_b24,0.5,71.67774031722371,1.5353885898930817,2,0.4646114101069183
netherlands_sluiskil,2023,flex_ml0p4_b24,0.75,107.51661047583556,2.3030828848396228,3,0.30308288483962276
netherlands_sluiskil,2023,flex_ml0p4_b24,1.0,143.35548063444742,3.0707771797861634,4,0.07077717978616338
netherlands_sluiskil,2023,flex_ml0p4_b24,1.25,179.19435079305927,3.8384714747327044,4,0.16152852526729555
netherlands_sluiskil,2023,flex_ml0p4_b24,1.5,215.03322095167113,4.6061657696792455,5,0.3938342303207545
